id,station,latitude,longitude,rainfall,collected_at
1,Airport Boulevard,1.34392,103.98409,0.0,2025-03-29 23:10:00
2,Alexandra Road,1.2937,103.8125,0.0,2025-03-29 23:10:00
3,Ang Mo Kio Avenue 10,1.36019,103.85335,0.0,2025-03-29 23:10:00
4,Ang Mo Kio Avenue 5,1.3764,103.8492,0.0,2025-03-29 23:10:00
5,Banyan Road,1.256,103.679,0.0,2025-03-29 23:10:00
6,Bishan Street 13,1.35041,103.85526,0.0,2025-03-29 23:10:00
7,Bukit Panjang Road,1.3824,103.7603,0.0,2025-03-29 23:10:00
8,Bukit Timah Road,1.3191,103.8191,0.0,2025-03-29 23:10:00
9,Changi East Close,1.3136,104.00317,0.0,2025-03-29 23:10:00
10,Clementi Park,1.32311,103.76714,0.0,2025-03-29 23:10:00
11,Clementi Road,1.3337,103.7768,0.0,2025-03-29 23:10:00
12,Compassvale Lane,1.38666,103.89797,0.0,2025-03-29 23:10:00
13,Coronation Walk,1.32427,103.8097,0.0,2025-03-29 23:10:00
14,East Coast Parkway,1.3135,103.9625,0.0,2025-03-29 23:10:00
15,Geylang East Central,1.32785,103.88899,0.0,2025-03-29 23:10:00
16,Henderson Road,1.28987,103.82364,0.0,2025-03-29 23:10:00
17,Hougang Avenue 1,1.35691,103.89088,0.0,2025-03-29 23:10:00
18,Jurong Pier Road,1.3081,103.71,0.0,2025-03-29 23:10:00
19,Jurong West Street 42,1.35167,103.72195,0.0,2025-03-29 23:10:00
20,Jurong West Street 73,1.34703,103.70073,0.0,2025-03-29 23:10:00
21,Kent Ridge Road,1.2923,103.7815,0.0,2025-03-29 23:10:00
22,Kim Chuan Road,1.3399,103.8878,0.0,2025-03-29 23:10:00
23,Kranji Road,1.42918,103.75711,0.0,2025-03-29 23:10:00
24,Kranji Way,1.4387,103.7363,0.0,2025-03-29 23:10:00
25,Lim Chu Kang Road,1.43854,103.70131,0.0,2025-03-29 23:10:00
26,Lornie Road,1.3415,103.8334,0.0,2025-03-29 23:10:00
27,Malan Road,1.27472,103.80389,0.0,2025-03-29 23:10:00
28,Mandai Lake Road,1.4044,103.78962,0.0,2025-03-29 23:10:00
29,Margaret Drive,1.29984,103.80264,0.0,2025-03-29 23:10:00
30,Marine Parade Road,1.30648,103.9104,0.0,2025-03-29 23:10:00
31,Nicoll Highway,1.30105,103.8666,0.0,2025-03-29 23:10:00
32,Old Choa Chu Kang Road,1.37288,103.72244,0.0,2025-03-29 23:10:00
33,Pasir Panjang,1.29164,103.7702,0.0,2025-03-29 23:10:00
34,Pasir Ris Drive 12,1.387,103.935,0.0,2025-03-29 23:10:00
35,Pasir Ris Street 51,1.3662,103.9528,0.0,2025-03-29 23:10:00
36,Poole Road,1.30703,103.89067,0.0,2025-03-29 23:10:00
37,Pulau Ubin,1.4168,103.9673,0.0,2025-03-29 23:10:00
38,Punggol Central,1.4029,103.9092,0.0,2025-03-29 23:10:00
39,Scotts Road,1.31055,103.8365,0.0,2025-03-29 23:10:00
40,Seletar Aerospace View,1.41284,103.86922,0.0,2025-03-29 23:10:00
41,Sentosa,1.25,103.8279,0.0,2025-03-29 23:10:00
42,Simei Avenue,1.3437,103.9444,0.0,2025-03-29 23:10:00
43,Somerset Road,1.3004,103.8372,0.0,2025-03-29 23:10:00
44,South Buona Vista Road,1.2841,103.7886,0.0,2025-03-29 23:10:00
45,Tanjong Rhu,1.29911,103.88289,0.0,2025-03-29 23:10:00
46,Toa Payoh North,1.3427,103.8482,0.0,2025-03-29 23:10:00
47,Towner Road,1.3214,103.8577,0.0,2025-03-29 23:10:00
48,Tuas South Avenue 3,1.29377,103.61843,0.0,2025-03-29 23:10:00
49,Upper Changi Road North,1.3678,103.9826,0.0,2025-03-29 23:10:00
50,Upper Peirce Reservoir Park,1.37,103.805,0.0,2025-03-29 23:10:00
51,Upper Thomson Road,1.3701,103.8271,0.0,2025-03-29 23:10:00
52,West Coast Highway,1.281,103.754,0.0,2025-03-29 23:10:00
53,West Coast Road,1.30167,103.76444,0.0,2025-03-29 23:10:00
54,Woodlands Avenue 9,1.44387,103.78538,0.0,2025-03-29 23:10:00
55,Woodlands Centre,1.44003,103.76904,0.0,2025-03-29 23:10:00
56,Woodlands Drive 62,1.43944,103.80389,0.0,2025-03-29 23:10:00
57,Yio Chu Kang Road,1.37999,103.87643,0.0,2025-03-29 23:10:00
58,Yishun Ring Road,1.42111,103.84472,0.0,2025-03-29 23:10:00
59,Airport Boulevard,1.34392,103.98409,0.0,2025-03-29 23:15:00
60,Alexandra Road,1.2937,103.8125,0.0,2025-03-29 23:15:00
61,Ang Mo Kio Avenue 10,1.36019,103.85335,0.0,2025-03-29 23:15:00
62,Ang Mo Kio Avenue 5,1.3764,103.8492,0.0,2025-03-29 23:15:00
63,Banyan Road,1.256,103.679,0.0,2025-03-29 23:15:00
64,Bishan Street 13,1.35041,103.85526,0.0,2025-03-29 23:15:00
65,Bukit Panjang Road,1.3824,103.7603,0.0,2025-03-29 23:15:00
66,Bukit Timah Road,1.3191,103.8191,0.0,2025-03-29 23:15:00
67,Changi East Close,1.3136,104.00317,0.0,2025-03-29 23:15:00
68,Clementi Park,1.32311,103.76714,0.0,2025-03-29 23:15:00
69,Clementi Road,1.3337,103.7768,0.0,2025-03-29 23:15:00
70,Compassvale Lane,1.38666,103.89797,0.0,2025-03-29 23:15:00
71,Coronation Walk,1.32427,103.8097,0.0,2025-03-29 23:15:00
72,East Coast Parkway,1.3135,103.9625,0.0,2025-03-29 23:15:00
73,Geylang East Central,1.32785,103.88899,0.0,2025-03-29 23:15:00
74,Henderson Road,1.28987,103.82364,0.0,2025-03-29 23:15:00
75,Hougang Avenue 1,1.35691,103.89088,0.0,2025-03-29 23:15:00
76,Jurong Pier Road,1.3081,103.71,0.0,2025-03-29 23:15:00
77,Jurong West Street 42,1.35167,103.72195,0.0,2025-03-29 23:15:00
78,Jurong West Street 73,1.34703,103.70073,0.0,2025-03-29 23:15:00
79,Kent Ridge Road,1.2923,103.7815,0.0,2025-03-29 23:15:00
80,Kim Chuan Road,1.3399,103.8878,0.0,2025-03-29 23:15:00
81,Kranji Road,1.42918,103.75711,0.0,2025-03-29 23:15:00
82,Kranji Way,1.4387,103.7363,0.0,2025-03-29 23:15:00
83,Lim Chu Kang Road,1.43854,103.70131,0.0,2025-03-29 23:15:00
84,Lornie Road,1.3415,103.8334,0.0,2025-03-29 23:15:00
85,Malan Road,1.27472,103.80389,0.0,2025-03-29 23:15:00
86,Mandai Lake Road,1.4044,103.78962,0.0,2025-03-29 23:15:00
87,Margaret Drive,1.29984,103.80264,0.0,2025-03-29 23:15:00
88,Marine Parade Road,1.30648,103.9104,0.0,2025-03-29 23:15:00
89,Nicoll Highway,1.30105,103.8666,0.0,2025-03-29 23:15:00
90,Old Choa Chu Kang Road,1.37288,103.72244,0.0,2025-03-29 23:15:00
91,Pasir Panjang,1.29164,103.7702,0.0,2025-03-29 23:15:00
92,Pasir Ris Drive 12,1.387,103.935,0.0,2025-03-29 23:15:00
93,Pasir Ris Street 51,1.3662,103.9528,0.0,2025-03-29 23:15:00
94,Poole Road,1.30703,103.89067,0.0,2025-03-29 23:15:00
95,Pulau Ubin,1.4168,103.9673,0.0,2025-03-29 23:15:00
96,Punggol Central,1.4029,103.9092,0.0,2025-03-29 23:15:00
97,Scotts Road,1.31055,103.8365,0.0,2025-03-29 23:15:00
98,Seletar Aerospace View,1.41284,103.86922,0.0,2025-03-29 23:15:00
99,Sentosa,1.25,103.8279,0.0,2025-03-29 23:15:00
100,Simei Avenue,1.3437,103.9444,0.0,2025-03-29 23:15:00
101,Somerset Road,1.3004,103.8372,0.0,2025-03-29 23:15:00
102,South Buona Vista Road,1.2841,103.7886,0.0,2025-03-29 23:15:00
103,Tanjong Rhu,1.29911,103.88289,0.0,2025-03-29 23:15:00
104,Toa Payoh North,1.3427,103.8482,0.0,2025-03-29 23:15:00
105,Towner Road,1.3214,103.8577,0.0,2025-03-29 23:15:00
106,Tuas South Avenue 3,1.29377,103.61843,0.0,2025-03-29 23:15:00
107,Upper Changi Road North,1.3678,103.9826,0.0,2025-03-29 23:15:00
108,Upper Peirce Reservoir Park,1.37,103.805,0.0,2025-03-29 23:15:00
109,Upper Thomson Road,1.3701,103.8271,0.0,2025-03-29 23:15:00
110,West Coast Highway,1.281,103.754,0.0,2025-03-29 23:15:00
111,West Coast Road,1.30167,103.76444,0.0,2025-03-29 23:15:00
112,Woodlands Avenue 9,1.44387,103.78538,0.0,2025-03-29 23:15:00
113,Woodlands Centre,1.44003,103.76904,0.0,2025-03-29 23:15:00
114,Woodlands Drive 62,1.43944,103.80389,0.0,2025-03-29 23:15:00
115,Yio Chu Kang Road,1.37999,103.87643,0.0,2025-03-29 23:15:00
116,Yishun Ring Road,1.42111,103.84472,0.0,2025-03-29 23:15:00
117,Airport Boulevard,1.34392,103.98409,0.0,2025-03-29 23:20:00
118,Alexandra Road,1.2937,103.8125,0.0,2025-03-29 23:20:00
119,Ang Mo Kio Avenue 10,1.36019,103.85335,0.0,2025-03-29 23:20:00
120,Ang Mo Kio Avenue 5,1.3764,103.8492,0.0,2025-03-29 23:20:00
121,Banyan Road,1.256,103.679,0.0,2025-03-29 23:20:00
122,Bishan Street 13,1.35041,103.85526,0.0,2025-03-29 23:20:00
123,Bukit Panjang Road,1.3824,103.7603,0.0,2025-03-29 23:20:00
124,Bukit Timah Road,1.3191,103.8191,0.0,2025-03-29 23:20:00
125,Changi East Close,1.3136,104.00317,0.0,2025-03-29 23:20:00
126,Clementi Park,1.32311,103.76714,0.0,2025-03-29 23:20:00
127,Clementi Road,1.3337,103.7768,0.0,2025-03-29 23:20:00
128,Compassvale Lane,1.38666,103.89797,0.0,2025-03-29 23:20:00
129,Coronation Walk,1.32427,103.8097,0.0,2025-03-29 23:20:00
130,East Coast Parkway,1.3135,103.9625,0.0,2025-03-29 23:20:00
131,Geylang East Central,1.32785,103.88899,0.0,2025-03-29 23:20:00
132,Henderson Road,1.28987,103.82364,0.0,2025-03-29 23:20:00
133,Hougang Avenue 1,1.35691,103.89088,0.0,2025-03-29 23:20:00
134,Jurong Pier Road,1.3081,103.71,0.0,2025-03-29 23:20:00
135,Jurong West Street 42,1.35167,103.72195,0.0,2025-03-29 23:20:00
136,Jurong West Street 73,1.34703,103.70073,0.0,2025-03-29 23:20:00
137,Kent Ridge Road,1.2923,103.7815,0.0,2025-03-29 23:20:00
138,Kim Chuan Road,1.3399,103.8878,0.0,2025-03-29 23:20:00
139,Kranji Road,1.42918,103.75711,0.0,2025-03-29 23:20:00
140,Kranji Way,1.4387,103.7363,0.0,2025-03-29 23:20:00
141,Lim Chu Kang Road,1.43854,103.70131,0.0,2025-03-29 23:20:00
142,Lornie Road,1.3415,103.8334,0.0,2025-03-29 23:20:00
143,Malan Road,1.27472,103.80389,0.0,2025-03-29 23:20:00
144,Mandai Lake Road,1.4044,103.78962,0.0,2025-03-29 23:20:00
145,Margaret Drive,1.29984,103.80264,0.0,2025-03-29 23:20:00
146,Marine Parade Road,1.30648,103.9104,0.0,2025-03-29 23:20:00
147,Nicoll Highway,1.30105,103.8666,0.0,2025-03-29 23:20:00
148,Old Choa Chu Kang Road,1.37288,103.72244,0.0,2025-03-29 23:20:00
149,Pasir Panjang,1.29164,103.7702,0.0,2025-03-29 23:20:00
150,Pasir Ris Drive 12,1.387,103.935,0.0,2025-03-29 23:20:00
151,Pasir Ris Street 51,1.3662,103.9528,0.0,2025-03-29 23:20:00
152,Poole Road,1.30703,103.89067,0.0,2025-03-29 23:20:00
153,Pulau Ubin,1.4168,103.9673,0.0,2025-03-29 23:20:00
154,Punggol Central,1.4029,103.9092,0.0,2025-03-29 23:20:00
155,Scotts Road,1.31055,103.8365,0.0,2025-03-29 23:20:00
156,Seletar Aerospace View,1.41284,103.86922,0.0,2025-03-29 23:20:00
157,Sentosa,1.25,103.8279,0.0,2025-03-29 23:20:00
158,Simei Avenue,1.3437,103.9444,0.0,2025-03-29 23:20:00
159,Somerset Road,1.3004,103.8372,0.0,2025-03-29 23:20:00
160,South Buona Vista Road,1.2841,103.7886,0.0,2025-03-29 23:20:00
161,Tanjong Rhu,1.29911,103.88289,0.0,2025-03-29 23:20:00
162,Toa Payoh North,1.3427,103.8482,0.0,2025-03-29 23:20:00
163,Towner Road,1.3214,103.8577,0.0,2025-03-29 23:20:00
164,Tuas South Avenue 3,1.29377,103.61843,0.0,2025-03-29 23:20:00
165,Upper Changi Road North,1.3678,103.9826,0.0,2025-03-29 23:20:00
166,Upper Peirce Reservoir Park,1.37,103.805,0.0,2025-03-29 23:20:00
167,Upper Thomson Road,1.3701,103.8271,0.0,2025-03-29 23:20:00
168,West Coast Highway,1.281,103.754,0.0,2025-03-29 23:20:00
169,West Coast Road,1.30167,103.76444,0.0,2025-03-29 23:20:00
170,Woodlands Avenue 9,1.44387,103.78538,0.0,2025-03-29 23:20:00
171,Woodlands Centre,1.44003,103.76904,0.0,2025-03-29 23:20:00
172,Woodlands Drive 62,1.43944,103.80389,0.0,2025-03-29 23:20:00
173,Yio Chu Kang Road,1.37999,103.87643,0.0,2025-03-29 23:20:00
174,Yishun Ring Road,1.42111,103.84472,0.0,2025-03-29 23:20:00
175,Airport Boulevard,1.34392,103.98409,0.0,2025-03-29 23:50:00
176,Alexandra Road,1.2937,103.8125,0.0,2025-03-29 23:50:00
177,Ang Mo Kio Avenue 10,1.36019,103.85335,0.0,2025-03-29 23:50:00
178,Ang Mo Kio Avenue 5,1.3764,103.8492,0.0,2025-03-29 23:50:00
179,Banyan Road,1.256,103.679,0.0,2025-03-29 23:50:00
180,Bishan Street 13,1.35041,103.85526,0.0,2025-03-29 23:50:00
181,Bukit Panjang Road,1.3824,103.7603,0.0,2025-03-29 23:50:00
182,Bukit Timah Road,1.3191,103.8191,0.0,2025-03-29 23:50:00
183,Changi East Close,1.3136,104.00317,0.0,2025-03-29 23:50:00
184,Clementi Park,1.32311,103.76714,0.0,2025-03-29 23:50:00
185,Clementi Road,1.3337,103.7768,0.0,2025-03-29 23:50:00
186,Compassvale Lane,1.38666,103.89797,0.0,2025-03-29 23:50:00
187,Coronation Walk,1.32427,103.8097,0.0,2025-03-29 23:50:00
188,East Coast Parkway,1.3135,103.9625,0.0,2025-03-29 23:50:00
189,Geylang East Central,1.32785,103.88899,0.0,2025-03-29 23:50:00
190,Henderson Road,1.28987,103.82364,0.0,2025-03-29 23:50:00
191,Hougang Avenue 1,1.35691,103.89088,0.0,2025-03-29 23:50:00
192,Jurong Pier Road,1.3081,103.71,0.0,2025-03-29 23:50:00
193,Jurong West Street 42,1.35167,103.72195,0.0,2025-03-29 23:50:00
194,Jurong West Street 73,1.34703,103.70073,0.0,2025-03-29 23:50:00
195,Kent Ridge Road,1.2923,103.7815,0.0,2025-03-29 23:50:00
196,Kim Chuan Road,1.3399,103.8878,0.0,2025-03-29 23:50:00
197,Kranji Road,1.42918,103.75711,0.0,2025-03-29 23:50:00
198,Kranji Way,1.4387,103.7363,0.0,2025-03-29 23:50:00
199,Lim Chu Kang Road,1.43854,103.70131,0.0,2025-03-29 23:50:00
200,Lornie Road,1.3415,103.8334,0.0,2025-03-29 23:50:00
201,Malan Road,1.27472,103.80389,0.0,2025-03-29 23:50:00
202,Mandai Lake Road,1.4044,103.78962,0.0,2025-03-29 23:50:00
203,Margaret Drive,1.29984,103.80264,0.0,2025-03-29 23:50:00
204,Marine Parade Road,1.30648,103.9104,0.0,2025-03-29 23:50:00
205,Nicoll Highway,1.30105,103.8666,0.0,2025-03-29 23:50:00
206,Old Choa Chu Kang Road,1.37288,103.72244,0.0,2025-03-29 23:50:00
207,Pasir Panjang,1.29164,103.7702,0.0,2025-03-29 23:50:00
208,Pasir Ris Drive 12,1.387,103.935,0.0,2025-03-29 23:50:00
209,Pasir Ris Street 51,1.3662,103.9528,0.0,2025-03-29 23:50:00
210,Poole Road,1.30703,103.89067,0.0,2025-03-29 23:50:00
211,Pulau Ubin,1.4168,103.9673,0.0,2025-03-29 23:50:00
212,Punggol Central,1.4029,103.9092,0.0,2025-03-29 23:50:00
213,Scotts Road,1.31055,103.8365,0.0,2025-03-29 23:50:00
214,Seletar Aerospace View,1.41284,103.86922,0.0,2025-03-29 23:50:00
215,Sentosa,1.25,103.8279,0.0,2025-03-29 23:50:00
216,Simei Avenue,1.3437,103.9444,0.0,2025-03-29 23:50:00
217,Somerset Road,1.3004,103.8372,0.0,2025-03-29 23:50:00
218,South Buona Vista Road,1.2841,103.7886,0.0,2025-03-29 23:50:00
219,Tanjong Rhu,1.29911,103.88289,0.0,2025-03-29 23:50:00
220,Toa Payoh North,1.3427,103.8482,0.0,2025-03-29 23:50:00
221,Towner Road,1.3214,103.8577,0.0,2025-03-29 23:50:00
222,Tuas South Avenue 3,1.29377,103.61843,0.0,2025-03-29 23:50:00
223,Upper Changi Road North,1.3678,103.9826,0.0,2025-03-29 23:50:00
224,Upper Peirce Reservoir Park,1.37,103.805,0.0,2025-03-29 23:50:00
225,Upper Thomson Road,1.3701,103.8271,0.0,2025-03-29 23:50:00
226,West Coast Highway,1.281,103.754,0.0,2025-03-29 23:50:00
227,West Coast Road,1.30167,103.76444,0.0,2025-03-29 23:50:00
228,Woodlands Avenue 9,1.44387,103.78538,0.0,2025-03-29 23:50:00
229,Woodlands Centre,1.44003,103.76904,0.0,2025-03-29 23:50:00
230,Woodlands Drive 62,1.43944,103.80389,0.0,2025-03-29 23:50:00
231,Yio Chu Kang Road,1.37999,103.87643,0.0,2025-03-29 23:50:00
232,Yishun Ring Road,1.42111,103.84472,0.0,2025-03-29 23:50:00
233,Airport Boulevard,1.34392,103.98409,0.0,2025-03-30 00:50:00
234,Alexandra Road,1.2937,103.8125,0.0,2025-03-30 00:50:00
235,Ang Mo Kio Avenue 10,1.36019,103.85335,0.0,2025-03-30 00:50:00
236,Ang Mo Kio Avenue 5,1.3764,103.8492,0.0,2025-03-30 00:50:00
237,Banyan Road,1.256,103.679,0.0,2025-03-30 00:50:00
238,Bishan Street 13,1.35041,103.85526,0.0,2025-03-30 00:50:00
239,Bukit Panjang Road,1.3824,103.7603,0.0,2025-03-30 00:50:00
240,Bukit Timah Road,1.3191,103.8191,0.0,2025-03-30 00:50:00
241,Changi East Close,1.3136,104.00317,0.0,2025-03-30 00:50:00
242,Clementi Park,1.32311,103.76714,0.0,2025-03-30 00:50:00
243,Clementi Road,1.3337,103.7768,0.0,2025-03-30 00:50:00
244,Compassvale Lane,1.38666,103.89797,0.0,2025-03-30 00:50:00
245,Coronation Walk,1.32427,103.8097,0.0,2025-03-30 00:50:00
246,East Coast Parkway,1.3135,103.9625,0.0,2025-03-30 00:50:00
247,Geylang East Central,1.32785,103.88899,0.0,2025-03-30 00:50:00
248,Henderson Road,1.28987,103.82364,0.0,2025-03-30 00:50:00
249,Hougang Avenue 1,1.35691,103.89088,0.0,2025-03-30 00:50:00
250,Jurong Pier Road,1.3081,103.71,0.0,2025-03-30 00:50:00
251,Jurong West Street 42,1.35167,103.72195,0.0,2025-03-30 00:50:00
252,Jurong West Street 73,1.34703,103.70073,0.0,2025-03-30 00:50:00
253,Kent Ridge Road,1.2923,103.7815,0.0,2025-03-30 00:50:00
254,Kim Chuan Road,1.3399,103.8878,0.0,2025-03-30 00:50:00
255,Kranji Road,1.42918,103.75711,0.0,2025-03-30 00:50:00
256,Kranji Way,1.4387,103.7363,0.0,2025-03-30 00:50:00
257,Lim Chu Kang Road,1.43854,103.70131,0.0,2025-03-30 00:50:00
258,Lornie Road,1.3415,103.8334,0.0,2025-03-30 00:50:00
259,Malan Road,1.27472,103.80389,0.0,2025-03-30 00:50:00
260,Mandai Lake Road,1.4044,103.78962,0.0,2025-03-30 00:50:00
261,Margaret Drive,1.29984,103.80264,0.0,2025-03-30 00:50:00
262,Marine Parade Road,1.30648,103.9104,0.0,2025-03-30 00:50:00
263,Nicoll Highway,1.30105,103.8666,0.0,2025-03-30 00:50:00
264,Old Choa Chu Kang Road,1.37288,103.72244,0.0,2025-03-30 00:50:00
265,Pasir Panjang,1.29164,103.7702,0.0,2025-03-30 00:50:00
266,Pasir Ris Drive 12,1.387,103.935,0.0,2025-03-30 00:50:00
267,Pasir Ris Street 51,1.3662,103.9528,0.0,2025-03-30 00:50:00
268,Poole Road,1.30703,103.89067,0.0,2025-03-30 00:50:00
269,Pulau Ubin,1.4168,103.9673,0.0,2025-03-30 00:50:00
270,Punggol Central,1.4029,103.9092,0.0,2025-03-30 00:50:00
271,Scotts Road,1.31055,103.8365,0.0,2025-03-30 00:50:00
272,Seletar Aerospace View,1.41284,103.86922,0.0,2025-03-30 00:50:00
273,Sentosa,1.25,103.8279,0.0,2025-03-30 00:50:00
274,Simei Avenue,1.3437,103.9444,0.0,2025-03-30 00:50:00
275,Somerset Road,1.3004,103.8372,0.0,2025-03-30 00:50:00
276,South Buona Vista Road,1.2841,103.7886,0.0,2025-03-30 00:50:00
277,Tanjong Rhu,1.29911,103.88289,0.0,2025-03-30 00:50:00
278,Toa Payoh North,1.3427,103.8482,0.0,2025-03-30 00:50:00
279,Towner Road,1.3214,103.8577,0.0,2025-03-30 00:50:00
280,Tuas South Avenue 3,1.29377,103.61843,0.0,2025-03-30 00:50:00
281,Upper Changi Road North,1.3678,103.9826,0.0,2025-03-30 00:50:00
282,Upper Peirce Reservoir Park,1.37,103.805,0.0,2025-03-30 00:50:00
283,Upper Thomson Road,1.3701,103.8271,0.0,2025-03-30 00:50:00
284,West Coast Highway,1.281,103.754,0.0,2025-03-30 00:50:00
285,West Coast Road,1.30167,103.76444,0.0,2025-03-30 00:50:00
286,Woodlands Avenue 9,1.44387,103.78538,0.0,2025-03-30 00:50:00
287,Woodlands Centre,1.44003,103.76904,0.0,2025-03-30 00:50:00
288,Woodlands Drive 62,1.43944,103.80389,0.0,2025-03-30 00:50:00
289,Yio Chu Kang Road,1.37999,103.87643,0.0,2025-03-30 00:50:00
290,Yishun Ring Road,1.42111,103.84472,0.0,2025-03-30 00:50:00
291,Airport Boulevard,1.34392,103.98409,0.0,2025-03-30 01:50:00
292,Alexandra Road,1.2937,103.8125,0.0,2025-03-30 01:50:00
293,Ang Mo Kio Avenue 10,1.36019,103.85335,0.0,2025-03-30 01:50:00
294,Ang Mo Kio Avenue 5,1.3764,103.8492,0.0,2025-03-30 01:50:00
295,Banyan Road,1.256,103.679,0.0,2025-03-30 01:50:00
296,Bishan Street 13,1.35041,103.85526,0.0,2025-03-30 01:50:00
297,Bukit Panjang Road,1.3824,103.7603,0.0,2025-03-30 01:50:00
298,Bukit Timah Road,1.3191,103.8191,0.0,2025-03-30 01:50:00
299,Changi East Close,1.3136,104.00317,0.0,2025-03-30 01:50:00
300,Clementi Park,1.32311,103.76714,0.0,2025-03-30 01:50:00
301,Clementi Road,1.3337,103.7768,0.0,2025-03-30 01:50:00
302,Compassvale Lane,1.38666,103.89797,0.0,2025-03-30 01:50:00
303,Coronation Walk,1.32427,103.8097,0.0,2025-03-30 01:50:00
304,East Coast Parkway,1.3135,103.9625,0.0,2025-03-30 01:50:00
305,Geylang East Central,1.32785,103.88899,0.0,2025-03-30 01:50:00
306,Henderson Road,1.28987,103.82364,0.0,2025-03-30 01:50:00
307,Hougang Avenue 1,1.35691,103.89088,0.0,2025-03-30 01:50:00
308,Jurong Pier Road,1.3081,103.71,0.0,2025-03-30 01:50:00
309,Jurong West Street 42,1.35167,103.72195,0.0,2025-03-30 01:50:00
310,Jurong West Street 73,1.34703,103.70073,0.0,2025-03-30 01:50:00
311,Kent Ridge Road,1.2923,103.7815,0.0,2025-03-30 01:50:00
312,Kim Chuan Road,1.3399,103.8878,0.0,2025-03-30 01:50:00
313,Kranji Road,1.42918,103.75711,0.0,2025-03-30 01:50:00
314,Kranji Way,1.4387,103.7363,0.0,2025-03-30 01:50:00
315,Lim Chu Kang Road,1.43854,103.70131,0.0,2025-03-30 01:50:00
316,Lornie Road,1.3415,103.8334,0.0,2025-03-30 01:50:00
317,Malan Road,1.27472,103.80389,0.0,2025-03-30 01:50:00
318,Mandai Lake Road,1.4044,103.78962,0.0,2025-03-30 01:50:00
319,Margaret Drive,1.29984,103.80264,0.0,2025-03-30 01:50:00
320,Marine Parade Road,1.30648,103.9104,0.0,2025-03-30 01:50:00
321,Nicoll Highway,1.30105,103.8666,0.0,2025-03-30 01:50:00
322,Old Choa Chu Kang Road,1.37288,103.72244,0.0,2025-03-30 01:50:00
323,Pasir Panjang,1.29164,103.7702,0.0,2025-03-30 01:50:00
324,Pasir Ris Drive 12,1.387,103.935,0.0,2025-03-30 01:50:00
325,Pasir Ris Street 51,1.3662,103.9528,0.0,2025-03-30 01:50:00
326,Poole Road,1.30703,103.89067,0.0,2025-03-30 01:50:00
327,Pulau Ubin,1.4168,103.9673,0.0,2025-03-30 01:50:00
328,Punggol Central,1.4029,103.9092,0.0,2025-03-30 01:50:00
329,Scotts Road,1.31055,103.8365,0.0,2025-03-30 01:50:00
330,Seletar Aerospace View,1.41284,103.86922,0.0,2025-03-30 01:50:00
331,Sentosa,1.25,103.8279,0.0,2025-03-30 01:50:00
332,Simei Avenue,1.3437,103.9444,0.0,2025-03-30 01:50:00
333,Somerset Road,1.3004,103.8372,0.0,2025-03-30 01:50:00
334,South Buona Vista Road,1.2841,103.7886,0.0,2025-03-30 01:50:00
335,Tanjong Rhu,1.29911,103.88289,0.0,2025-03-30 01:50:00
336,Toa Payoh North,1.3427,103.8482,0.0,2025-03-30 01:50:00
337,Towner Road,1.3214,103.8577,0.0,2025-03-30 01:50:00
338,Tuas South Avenue 3,1.29377,103.61843,0.0,2025-03-30 01:50:00
339,Upper Changi Road North,1.3678,103.9826,0.0,2025-03-30 01:50:00
340,Upper Peirce Reservoir Park,1.37,103.805,0.0,2025-03-30 01:50:00
341,Upper Thomson Road,1.3701,103.8271,0.0,2025-03-30 01:50:00
342,West Coast Highway,1.281,103.754,0.0,2025-03-30 01:50:00
343,West Coast Road,1.30167,103.76444,0.0,2025-03-30 01:50:00
344,Woodlands Avenue 9,1.44387,103.78538,0.0,2025-03-30 01:50:00
345,Woodlands Centre,1.44003,103.76904,0.0,2025-03-30 01:50:00
346,Woodlands Drive 62,1.43944,103.80389,0.0,2025-03-30 01:50:00
347,Yio Chu Kang Road,1.37999,103.87643,0.0,2025-03-30 01:50:00
348,Yishun Ring Road,1.42111,103.84472,0.0,2025-03-30 01:50:00
349,Airport Boulevard,1.34392,103.98409,0.0,2025-03-30 02:50:00
350,Alexandra Road,1.2937,103.8125,0.0,2025-03-30 02:50:00
351,Ang Mo Kio Avenue 10,1.36019,103.85335,0.0,2025-03-30 02:50:00
352,Ang Mo Kio Avenue 5,1.3764,103.8492,0.0,2025-03-30 02:50:00
353,Banyan Road,1.256,103.679,0.0,2025-03-30 02:50:00
354,Bishan Street 13,1.35041,103.85526,0.0,2025-03-30 02:50:00
355,Bukit Panjang Road,1.3824,103.7603,0.0,2025-03-30 02:50:00
356,Bukit Timah Road,1.3191,103.8191,0.0,2025-03-30 02:50:00
357,Changi East Close,1.3136,104.00317,0.0,2025-03-30 02:50:00
358,Clementi Park,1.32311,103.76714,0.0,2025-03-30 02:50:00
359,Clementi Road,1.3337,103.7768,0.0,2025-03-30 02:50:00
360,Compassvale Lane,1.38666,103.89797,0.0,2025-03-30 02:50:00
361,Coronation Walk,1.32427,103.8097,0.0,2025-03-30 02:50:00
362,East Coast Parkway,1.3135,103.9625,0.0,2025-03-30 02:50:00
363,Geylang East Central,1.32785,103.88899,0.0,2025-03-30 02:50:00
364,Henderson Road,1.28987,103.82364,0.0,2025-03-30 02:50:00
365,Hougang Avenue 1,1.35691,103.89088,0.0,2025-03-30 02:50:00
366,Jurong Pier Road,1.3081,103.71,0.0,2025-03-30 02:50:00
367,Jurong West Street 42,1.35167,103.72195,0.0,2025-03-30 02:50:00
368,Jurong West Street 73,1.34703,103.70073,0.0,2025-03-30 02:50:00
369,Kent Ridge Road,1.2923,103.7815,0.0,2025-03-30 02:50:00
370,Kim Chuan Road,1.3399,103.8878,0.0,2025-03-30 02:50:00
371,Kranji Road,1.42918,103.75711,0.0,2025-03-30 02:50:00
372,Kranji Way,1.4387,103.7363,0.0,2025-03-30 02:50:00
373,Lim Chu Kang Road,1.43854,103.70131,0.0,2025-03-30 02:50:00
374,Lornie Road,1.3415,103.8334,0.0,2025-03-30 02:50:00
375,Malan Road,1.27472,103.80389,0.0,2025-03-30 02:50:00
376,Mandai Lake Road,1.4044,103.78962,0.0,2025-03-30 02:50:00
377,Margaret Drive,1.29984,103.80264,0.0,2025-03-30 02:50:00
378,Marine Parade Road,1.30648,103.9104,0.0,2025-03-30 02:50:00
379,Nicoll Highway,1.30105,103.8666,0.0,2025-03-30 02:50:00
380,Old Choa Chu Kang Road,1.37288,103.72244,0.0,2025-03-30 02:50:00
381,Pasir Panjang,1.29164,103.7702,0.0,2025-03-30 02:50:00
382,Pasir Ris Drive 12,1.387,103.935,0.0,2025-03-30 02:50:00
383,Pasir Ris Street 51,1.3662,103.9528,0.0,2025-03-30 02:50:00
384,Poole Road,1.30703,103.89067,0.0,2025-03-30 02:50:00
385,Pulau Ubin,1.4168,103.9673,0.0,2025-03-30 02:50:00
386,Punggol Central,1.4029,103.9092,0.0,2025-03-30 02:50:00
387,Scotts Road,1.31055,103.8365,0.0,2025-03-30 02:50:00
388,Seletar Aerospace View,1.41284,103.86922,0.0,2025-03-30 02:50:00
389,Sentosa,1.25,103.8279,0.0,2025-03-30 02:50:00
390,Simei Avenue,1.3437,103.9444,0.0,2025-03-30 02:50:00
391,Somerset Road,1.3004,103.8372,0.0,2025-03-30 02:50:00
392,South Buona Vista Road,1.2841,103.7886,0.0,2025-03-30 02:50:00
393,Tanjong Rhu,1.29911,103.88289,0.0,2025-03-30 02:50:00
394,Toa Payoh North,1.3427,103.8482,0.0,2025-03-30 02:50:00
395,Towner Road,1.3214,103.8577,0.0,2025-03-30 02:50:00
396,Tuas South Avenue 3,1.29377,103.61843,0.0,2025-03-30 02:50:00
397,Upper Changi Road North,1.3678,103.9826,0.0,2025-03-30 02:50:00
398,Upper Peirce Reservoir Park,1.37,103.805,0.0,2025-03-30 02:50:00
399,Upper Thomson Road,1.3701,103.8271,0.0,2025-03-30 02:50:00
400,West Coast Highway,1.281,103.754,0.0,2025-03-30 02:50:00
401,West Coast Road,1.30167,103.76444,0.0,2025-03-30 02:50:00
402,Woodlands Avenue 9,1.44387,103.78538,0.0,2025-03-30 02:50:00
403,Woodlands Centre,1.44003,103.76904,0.0,2025-03-30 02:50:00
404,Woodlands Drive 62,1.43944,103.80389,0.0,2025-03-30 02:50:00
405,Yio Chu Kang Road,1.37999,103.87643,0.0,2025-03-30 02:50:00
406,Yishun Ring Road,1.42111,103.84472,0.0,2025-03-30 02:50:00
407,Airport Boulevard,1.34392,103.98409,0.0,2025-03-30 11:55:00
408,Alexandra Road,1.2937,103.8125,0.0,2025-03-30 11:55:00
409,Ang Mo Kio Avenue 10,1.36019,103.85335,0.0,2025-03-30 11:55:00
410,Ang Mo Kio Avenue 5,1.3764,103.8492,0.0,2025-03-30 11:55:00
411,Banyan Road,1.256,103.679,0.0,2025-03-30 11:55:00
412,Bishan Street 13,1.35041,103.85526,0.0,2025-03-30 11:55:00
413,Bukit Batok Street 34,1.36491,103.75065,0.0,2025-03-30 11:55:00
414,Bukit Panjang Road,1.3824,103.7603,0.0,2025-03-30 11:55:00
415,Bukit Timah Road,1.3191,103.8191,0.0,2025-03-30 11:55:00
416,Changi East Close,1.3136,104.00317,0.0,2025-03-30 11:55:00
417,Clementi Park,1.32311,103.76714,0.0,2025-03-30 11:55:00
418,Clementi Road,1.3337,103.7768,0.0,2025-03-30 11:55:00
419,Compassvale Lane,1.38666,103.89797,0.0,2025-03-30 11:55:00
420,Coronation Walk,1.32427,103.8097,0.0,2025-03-30 11:55:00
421,East Coast Parkway,1.3135,103.9625,0.0,2025-03-30 11:55:00
422,Geylang East Central,1.32785,103.88899,0.0,2025-03-30 11:55:00
423,Henderson Road,1.28987,103.82364,0.0,2025-03-30 11:55:00
424,Hougang Avenue 1,1.35691,103.89088,0.0,2025-03-30 11:55:00
425,Jurong Pier Road,1.3081,103.71,0.0,2025-03-30 11:55:00
426,Jurong West Street 42,1.35167,103.72195,0.0,2025-03-30 11:55:00
427,Jurong West Street 73,1.34703,103.70073,0.0,2025-03-30 11:55:00
428,Kent Ridge Road,1.2923,103.7815,0.0,2025-03-30 11:55:00
429,Kim Chuan Road,1.3399,103.8878,0.0,2025-03-30 11:55:00
430,Kranji Road,1.42918,103.75711,0.0,2025-03-30 11:55:00
431,Kranji Way,1.4387,103.7363,0.0,2025-03-30 11:55:00
432,Lim Chu Kang Road,1.43854,103.70131,0.0,2025-03-30 11:55:00
433,Lornie Road,1.3415,103.8334,0.0,2025-03-30 11:55:00
434,Malan Road,1.27472,103.80389,0.0,2025-03-30 11:55:00
435,Mandai Lake Road,1.4044,103.78962,0.0,2025-03-30 11:55:00
436,Margaret Drive,1.29984,103.80264,0.0,2025-03-30 11:55:00
437,Marine Parade Road,1.30648,103.9104,0.0,2025-03-30 11:55:00
438,Nicoll Highway,1.30105,103.8666,0.0,2025-03-30 11:55:00
439,Old Choa Chu Kang Road,1.37288,103.72244,0.0,2025-03-30 11:55:00
440,Pasir Panjang,1.29164,103.7702,0.0,2025-03-30 11:55:00
441,Pasir Ris Drive 12,1.387,103.935,0.0,2025-03-30 11:55:00
442,Pasir Ris Street 51,1.3662,103.9528,0.0,2025-03-30 11:55:00
443,Poole Road,1.30703,103.89067,0.0,2025-03-30 11:55:00
444,Pulau Ubin,1.4168,103.9673,0.0,2025-03-30 11:55:00
445,Punggol Central,1.4029,103.9092,0.0,2025-03-30 11:55:00
446,Scotts Road,1.31055,103.8365,0.0,2025-03-30 11:55:00
447,Seletar Aerospace View,1.41284,103.86922,0.0,2025-03-30 11:55:00
448,Sentosa,1.25,103.8279,0.0,2025-03-30 11:55:00
449,Simei Avenue,1.3437,103.9444,0.0,2025-03-30 11:55:00
450,Somerset Road,1.3004,103.8372,0.0,2025-03-30 11:55:00
451,South Buona Vista Road,1.2841,103.7886,0.0,2025-03-30 11:55:00
452,Tanjong Rhu,1.29911,103.88289,0.0,2025-03-30 11:55:00
453,Toa Payoh North,1.3427,103.8482,0.0,2025-03-30 11:55:00
454,Towner Road,1.3214,103.8577,0.0,2025-03-30 11:55:00
455,Tuas South Avenue 3,1.29377,103.61843,0.0,2025-03-30 11:55:00
456,Upper Changi Road North,1.3678,103.9826,0.0,2025-03-30 11:55:00
457,Upper Peirce Reservoir Park,1.37,103.805,0.0,2025-03-30 11:55:00
458,Upper Thomson Road,1.3701,103.8271,0.0,2025-03-30 11:55:00
459,West Coast Highway,1.281,103.754,0.0,2025-03-30 11:55:00
460,West Coast Road,1.30167,103.76444,0.0,2025-03-30 11:55:00
461,Woodlands Avenue 9,1.44387,103.78538,0.0,2025-03-30 11:55:00
462,Woodlands Centre,1.44003,103.76904,0.0,2025-03-30 11:55:00
463,Woodlands Drive 62,1.43944,103.80389,0.0,2025-03-30 11:55:00
464,Yio Chu Kang Road,1.37999,103.87643,0.0,2025-03-30 11:55:00
465,Yishun Ring Road,1.42111,103.84472,0.0,2025-03-30 11:55:00
466,Airport Boulevard,1.34392,103.98409,0.0,2025-03-30 12:05:00
467,Alexandra Road,1.2937,103.8125,0.0,2025-03-30 12:05:00
468,Ang Mo Kio Avenue 10,1.36019,103.85335,0.0,2025-03-30 12:05:00
469,Ang Mo Kio Avenue 5,1.3764,103.8492,0.0,2025-03-30 12:05:00
470,Banyan Road,1.256,103.679,0.0,2025-03-30 12:05:00
471,Bishan Street 13,1.35041,103.85526,0.0,2025-03-30 12:05:00
472,Bukit Batok Street 34,1.36491,103.75065,0.0,2025-03-30 12:05:00
473,Bukit Panjang Road,1.3824,103.7603,0.0,2025-03-30 12:05:00
474,Bukit Timah Road,1.3191,103.8191,0.0,2025-03-30 12:05:00
475,Changi East Close,1.3136,104.00317,0.0,2025-03-30 12:05:00
476,Clementi Park,1.32311,103.76714,0.0,2025-03-30 12:05:00
477,Clementi Road,1.3337,103.7768,0.0,2025-03-30 12:05:00
478,Compassvale Lane,1.38666,103.89797,0.0,2025-03-30 12:05:00
479,Coronation Walk,1.32427,103.8097,0.0,2025-03-30 12:05:00
480,East Coast Parkway,1.3135,103.9625,0.0,2025-03-30 12:05:00
481,Geylang East Central,1.32785,103.88899,0.0,2025-03-30 12:05:00
482,Henderson Road,1.28987,103.82364,0.0,2025-03-30 12:05:00
483,Hougang Avenue 1,1.35691,103.89088,0.0,2025-03-30 12:05:00
484,Jurong Pier Road,1.3081,103.71,0.0,2025-03-30 12:05:00
485,Jurong West Street 42,1.35167,103.72195,0.0,2025-03-30 12:05:00
486,Jurong West Street 73,1.34703,103.70073,0.0,2025-03-30 12:05:00
487,Kent Ridge Road,1.2923,103.7815,0.0,2025-03-30 12:05:00
488,Kim Chuan Road,1.3399,103.8878,0.0,2025-03-30 12:05:00
489,Kranji Road,1.42918,103.75711,0.0,2025-03-30 12:05:00
490,Kranji Way,1.4387,103.7363,0.0,2025-03-30 12:05:00
491,Lim Chu Kang Road,1.43854,103.70131,0.0,2025-03-30 12:05:00
492,Lornie Road,1.3415,103.8334,0.0,2025-03-30 12:05:00
493,Malan Road,1.27472,103.80389,0.0,2025-03-30 12:05:00
494,Mandai Lake Road,1.4044,103.78962,0.0,2025-03-30 12:05:00
495,Margaret Drive,1.29984,103.80264,0.0,2025-03-30 12:05:00
496,Marine Parade Road,1.30648,103.9104,0.0,2025-03-30 12:05:00
497,Nicoll Highway,1.30105,103.8666,0.0,2025-03-30 12:05:00
498,Old Choa Chu Kang Road,1.37288,103.72244,0.0,2025-03-30 12:05:00
499,Pasir Panjang,1.29164,103.7702,0.0,2025-03-30 12:05:00
500,Pasir Ris Drive 12,1.387,103.935,0.0,2025-03-30 12:05:00
501,Pasir Ris Street 51,1.3662,103.9528,0.0,2025-03-30 12:05:00
502,Poole Road,1.30703,103.89067,0.0,2025-03-30 12:05:00
503,Pulau Ubin,1.4168,103.9673,0.0,2025-03-30 12:05:00
504,Punggol Central,1.4029,103.9092,0.0,2025-03-30 12:05:00
505,Scotts Road,1.31055,103.8365,0.0,2025-03-30 12:05:00
506,Seletar Aerospace View,1.41284,103.86922,0.0,2025-03-30 12:05:00
507,Sentosa,1.25,103.8279,0.0,2025-03-30 12:05:00
508,Simei Avenue,1.3437,103.9444,0.0,2025-03-30 12:05:00
509,Somerset Road,1.3004,103.8372,0.0,2025-03-30 12:05:00
510,South Buona Vista Road,1.2841,103.7886,0.0,2025-03-30 12:05:00
511,Tanjong Rhu,1.29911,103.88289,0.0,2025-03-30 12:05:00
512,Toa Payoh North,1.3427,103.8482,0.0,2025-03-30 12:05:00
513,Towner Road,1.3214,103.8577,0.0,2025-03-30 12:05:00
514,Tuas South Avenue 3,1.29377,103.61843,0.0,2025-03-30 12:05:00
515,Upper Changi Road North,1.3678,103.9826,0.0,2025-03-30 12:05:00
516,Upper Peirce Reservoir Park,1.37,103.805,0.0,2025-03-30 12:05:00
517,Upper Thomson Road,1.3701,103.8271,0.0,2025-03-30 12:05:00
518,West Coast Highway,1.281,103.754,0.0,2025-03-30 12:05:00
519,West Coast Road,1.30167,103.76444,0.0,2025-03-30 12:05:00
520,Woodlands Avenue 9,1.44387,103.78538,0.0,2025-03-30 12:05:00
521,Woodlands Centre,1.44003,103.76904,0.0,2025-03-30 12:05:00
522,Woodlands Drive 62,1.43944,103.80389,0.0,2025-03-30 12:05:00
523,Yio Chu Kang Road,1.37999,103.87643,0.0,2025-03-30 12:05:00
524,Yishun Ring Road,1.42111,103.84472,0.0,2025-03-30 12:05:00
525,Airport Boulevard,1.34392,103.98409,0.0,2025-03-30 13:50:00
526,Alexandra Road,1.2937,103.8125,0.0,2025-03-30 13:50:00
527,Ang Mo Kio Avenue 10,1.36019,103.85335,0.0,2025-03-30 13:50:00
528,Ang Mo Kio Avenue 5,1.3764,103.8492,0.0,2025-03-30 13:50:00
529,Banyan Road,1.256,103.679,0.2,2025-03-30 13:50:00
530,Bishan Street 13,1.35041,103.85526,0.0,2025-03-30 13:50:00
531,Bukit Batok Street 34,1.36491,103.75065,0.0,2025-03-30 13:50:00
532,Bukit Panjang Road,1.3824,103.7603,0.0,2025-03-30 13:50:00
533,Bukit Timah Road,1.3191,103.8191,0.0,2025-03-30 13:50:00
534,Changi East Close,1.3136,104.00317,0.0,2025-03-30 13:50:00
535,Clementi Park,1.32311,103.76714,0.4,2025-03-30 13:50:00
536,Clementi Road,1.3337,103.7768,0.0,2025-03-30 13:50:00
537,Compassvale Lane,1.38666,103.89797,0.0,2025-03-30 13:50:00
538,Coronation Walk,1.32427,103.8097,0.0,2025-03-30 13:50:00
539,East Coast Parkway,1.3135,103.9625,0.0,2025-03-30 13:50:00
540,Geylang East Central,1.32785,103.88899,0.0,2025-03-30 13:50:00
541,Henderson Road,1.28987,103.82364,0.0,2025-03-30 13:50:00
542,Hougang Avenue 1,1.35691,103.89088,0.0,2025-03-30 13:50:00
543,Jurong Pier Road,1.3081,103.71,0.8,2025-03-30 13:50:00
544,Jurong West Street 42,1.35167,103.72195,0.0,2025-03-30 13:50:00
545,Jurong West Street 73,1.34703,103.70073,0.0,2025-03-30 13:50:00
546,Kent Ridge Road,1.2923,103.7815,3.2,2025-03-30 13:50:00
547,Kim Chuan Road,1.3399,103.8878,0.0,2025-03-30 13:50:00
548,Kranji Road,1.42918,103.75711,0.0,2025-03-30 13:50:00
549,Kranji Way,1.4387,103.7363,0.0,2025-03-30 13:50:00
550,Lim Chu Kang Road,1.43854,103.70131,0.0,2025-03-30 13:50:00
551,Lornie Road,1.3415,103.8334,0.0,2025-03-30 13:50:00
552,Malan Road,1.27472,103.80389,0.0,2025-03-30 13:50:00
553,Mandai Lake Road,1.4044,103.78962,0.0,2025-03-30 13:50:00
554,Margaret Drive,1.29984,103.80264,0.0,2025-03-30 13:50:00
555,Marine Parade Road,1.30648,103.9104,0.0,2025-03-30 13:50:00
556,Nicoll Highway,1.30105,103.8666,0.0,2025-03-30 13:50:00
557,Old Choa Chu Kang Road,1.37288,103.72244,0.0,2025-03-30 13:50:00
558,Pasir Panjang,1.29164,103.7702,3.417,2025-03-30 13:50:00
559,Pasir Ris Drive 12,1.387,103.935,0.0,2025-03-30 13:50:00
560,Pasir Ris Street 51,1.3662,103.9528,0.0,2025-03-30 13:50:00
561,Poole Road,1.30703,103.89067,0.0,2025-03-30 13:50:00
562,Pulau Ubin,1.4168,103.9673,0.0,2025-03-30 13:50:00
563,Punggol Central,1.4029,103.9092,0.0,2025-03-30 13:50:00
564,Scotts Road,1.31055,103.8365,0.0,2025-03-30 13:50:00
565,Seletar Aerospace View,1.41284,103.86922,0.0,2025-03-30 13:50:00
566,Sentosa,1.25,103.8279,0.0,2025-03-30 13:50:00
567,Simei Avenue,1.3437,103.9444,0.0,2025-03-30 13:50:00
568,Somerset Road,1.3004,103.8372,0.0,2025-03-30 13:50:00
569,South Buona Vista Road,1.2841,103.7886,0.0,2025-03-30 13:50:00
570,Tanjong Rhu,1.29911,103.88289,0.0,2025-03-30 13:50:00
571,Toa Payoh North,1.3427,103.8482,0.0,2025-03-30 13:50:00
572,Towner Road,1.3214,103.8577,0.0,2025-03-30 13:50:00
573,Tuas South Avenue 3,1.29377,103.61843,0.0,2025-03-30 13:50:00
574,Upper Changi Road North,1.3678,103.9826,0.0,2025-03-30 13:50:00
575,Upper Peirce Reservoir Park,1.37,103.805,0.0,2025-03-30 13:50:00
576,Upper Thomson Road,1.3701,103.8271,0.0,2025-03-30 13:50:00
577,West Coast Highway,1.281,103.754,0.0,2025-03-30 13:50:00
578,West Coast Road,1.30167,103.76444,1.0,2025-03-30 13:50:00
579,Woodlands Avenue 9,1.44387,103.78538,0.0,2025-03-30 13:50:00
580,Woodlands Centre,1.44003,103.76904,0.0,2025-03-30 13:50:00
581,Woodlands Drive 62,1.43944,103.80389,0.0,2025-03-30 13:50:00
582,Yio Chu Kang Road,1.37999,103.87643,0.0,2025-03-30 13:50:00
583,Yishun Ring Road,1.42111,103.84472,0.0,2025-03-30 13:50:00
584,Airport Boulevard,1.34392,103.98409,0.0,2025-03-30 14:05:00
585,Alexandra Road,1.2937,103.8125,3.6,2025-03-30 14:05:00
586,Ang Mo Kio Avenue 10,1.36019,103.85335,0.0,2025-03-30 14:05:00
587,Ang Mo Kio Avenue 5,1.3764,103.8492,0.0,2025-03-30 14:05:00
588,Banyan Road,1.256,103.679,0.0,2025-03-30 14:05:00
589,Bishan Street 13,1.35041,103.85526,0.0,2025-03-30 14:05:00
590,Bukit Batok Street 34,1.36491,103.75065,0.0,2025-03-30 14:05:00
591,Bukit Panjang Road,1.3824,103.7603,0.0,2025-03-30 14:05:00
592,Bukit Timah Road,1.3191,103.8191,0.6,2025-03-30 14:05:00
593,Changi East Close,1.3136,104.00317,0.0,2025-03-30 14:05:00
594,Clementi Park,1.32311,103.76714,0.0,2025-03-30 14:05:00
595,Clementi Road,1.3337,103.7768,0.0,2025-03-30 14:05:00
596,Compassvale Lane,1.38666,103.89797,0.0,2025-03-30 14:05:00
597,Coronation Walk,1.32427,103.8097,0.0,2025-03-30 14:05:00
598,East Coast Parkway,1.3135,103.9625,0.0,2025-03-30 14:05:00
599,Geylang East Central,1.32785,103.88899,0.0,2025-03-30 14:05:00
600,Henderson Road,1.28987,103.82364,5.628,2025-03-30 14:05:00
601,Hougang Avenue 1,1.35691,103.89088,0.0,2025-03-30 14:05:00
602,Jurong Pier Road,1.3081,103.71,0.0,2025-03-30 14:05:00
603,Jurong West Street 42,1.35167,103.72195,0.0,2025-03-30 14:05:00
604,Jurong West Street 73,1.34703,103.70073,0.0,2025-03-30 14:05:00
605,Kent Ridge Road,1.2923,103.7815,7.4,2025-03-30 14:05:00
606,Kim Chuan Road,1.3399,103.8878,0.0,2025-03-30 14:05:00
607,Kranji Road,1.42918,103.75711,0.0,2025-03-30 14:05:00
608,Kranji Way,1.4387,103.7363,0.0,2025-03-30 14:05:00
609,Lim Chu Kang Road,1.43854,103.70131,0.0,2025-03-30 14:05:00
610,Lornie Road,1.3415,103.8334,0.0,2025-03-30 14:05:00
611,Malan Road,1.27472,103.80389,0.0,2025-03-30 14:05:00
612,Mandai Lake Road,1.4044,103.78962,0.0,2025-03-30 14:05:00
613,Margaret Drive,1.29984,103.80264,8.323,2025-03-30 14:05:00
614,Marine Parade Road,1.30648,103.9104,0.0,2025-03-30 14:05:00
615,Nicoll Highway,1.30105,103.8666,0.0,2025-03-30 14:05:00
616,Old Choa Chu Kang Road,1.37288,103.72244,0.0,2025-03-30 14:05:00
617,Pasir Panjang,1.29164,103.7702,4.623,2025-03-30 14:05:00
618,Pasir Ris Drive 12,1.387,103.935,0.0,2025-03-30 14:05:00
619,Pasir Ris Street 51,1.3662,103.9528,0.0,2025-03-30 14:05:00
620,Poole Road,1.30703,103.89067,0.0,2025-03-30 14:05:00
621,Pulau Ubin,1.4168,103.9673,1.2,2025-03-30 14:05:00
622,Punggol Central,1.4029,103.9092,0.0,2025-03-30 14:05:00
623,Scotts Road,1.31055,103.8365,0.0,2025-03-30 14:05:00
624,Seletar Aerospace View,1.41284,103.86922,0.0,2025-03-30 14:05:00
625,Sentosa,1.25,103.8279,0.0,2025-03-30 14:05:00
626,Simei Avenue,1.3437,103.9444,0.0,2025-03-30 14:05:00
627,Somerset Road,1.3004,103.8372,0.0,2025-03-30 14:05:00
628,South Buona Vista Road,1.2841,103.7886,1.2,2025-03-30 14:05:00
629,Tanjong Rhu,1.29911,103.88289,0.0,2025-03-30 14:05:00
630,Toa Payoh North,1.3427,103.8482,0.0,2025-03-30 14:05:00
631,Towner Road,1.3214,103.8577,0.0,2025-03-30 14:05:00
632,Tuas South Avenue 3,1.29377,103.61843,0.0,2025-03-30 14:05:00
633,Upper Changi Road North,1.3678,103.9826,0.0,2025-03-30 14:05:00
634,Upper Peirce Reservoir Park,1.37,103.805,0.0,2025-03-30 14:05:00
635,Upper Thomson Road,1.3701,103.8271,0.0,2025-03-30 14:05:00
636,West Coast Highway,1.281,103.754,0.2,2025-03-30 14:05:00
637,West Coast Road,1.30167,103.76444,0.8,2025-03-30 14:05:00
638,Woodlands Avenue 9,1.44387,103.78538,0.0,2025-03-30 14:05:00
639,Woodlands Centre,1.44003,103.76904,0.0,2025-03-30 14:05:00
640,Woodlands Drive 62,1.43944,103.80389,0.0,2025-03-30 14:05:00
641,Yio Chu Kang Road,1.37999,103.87643,0.0,2025-03-30 14:05:00
642,Yishun Ring Road,1.42111,103.84472,0.0,2025-03-30 14:05:00
643,Airport Boulevard,1.34392,103.98409,0.0,2025-03-30 14:30:00
644,Alexandra Road,1.2937,103.8125,0.6,2025-03-30 14:30:00
645,Ang Mo Kio Avenue 10,1.36019,103.85335,0.0,2025-03-30 14:30:00
646,Ang Mo Kio Avenue 5,1.3764,103.8492,0.0,2025-03-30 14:30:00
647,Banyan Road,1.256,103.679,0.0,2025-03-30 14:30:00
648,Bishan Street 13,1.35041,103.85526,0.0,2025-03-30 14:30:00
649,Bukit Batok Street 34,1.36491,103.75065,0.0,2025-03-30 14:30:00
650,Bukit Panjang Road,1.3824,103.7603,0.0,2025-03-30 14:30:00
651,Bukit Timah Road,1.3191,103.8191,0.2,2025-03-30 14:30:00
652,Changi East Close,1.3136,104.00317,0.0,2025-03-30 14:30:00
653,Clementi Park,1.32311,103.76714,0.0,2025-03-30 14:30:00
654,Clementi Road,1.3337,103.7768,0.0,2025-03-30 14:30:00
655,Compassvale Lane,1.38666,103.89797,0.0,2025-03-30 14:30:00
656,Coronation Walk,1.32427,103.8097,0.0,2025-03-30 14:30:00
657,East Coast Parkway,1.3135,103.9625,0.0,2025-03-30 14:30:00
658,Geylang East Central,1.32785,103.88899,0.0,2025-03-30 14:30:00
659,Henderson Road,1.28987,103.82364,1.005,2025-03-30 14:30:00
660,Hougang Avenue 1,1.35691,103.89088,0.396,2025-03-30 14:30:00
661,Jurong Pier Road,1.3081,103.71,0.0,2025-03-30 14:30:00
662,Jurong West Street 42,1.35167,103.72195,0.0,2025-03-30 14:30:00
663,Jurong West Street 73,1.34703,103.70073,0.0,2025-03-30 14:30:00
664,Kent Ridge Road,1.2923,103.7815,0.2,2025-03-30 14:30:00
665,Kim Chuan Road,1.3399,103.8878,3.0,2025-03-30 14:30:00
666,Kranji Road,1.42918,103.75711,0.0,2025-03-30 14:30:00
667,Kranji Way,1.4387,103.7363,0.0,2025-03-30 14:30:00
668,Lim Chu Kang Road,1.43854,103.70131,0.0,2025-03-30 14:30:00
669,Lornie Road,1.3415,103.8334,0.0,2025-03-30 14:30:00
670,Malan Road,1.27472,103.80389,0.2,2025-03-30 14:30:00
671,Mandai Lake Road,1.4044,103.78962,0.0,2025-03-30 14:30:00
672,Margaret Drive,1.29984,103.80264,0.203,2025-03-30 14:30:00
673,Marine Parade Road,1.30648,103.9104,0.0,2025-03-30 14:30:00
674,Nicoll Highway,1.30105,103.8666,0.0,2025-03-30 14:30:00
675,Old Choa Chu Kang Road,1.37288,103.72244,0.0,2025-03-30 14:30:00
676,Pasir Panjang,1.29164,103.7702,0.0,2025-03-30 14:30:00
677,Pasir Ris Drive 12,1.387,103.935,0.0,2025-03-30 14:30:00
678,Pasir Ris Street 51,1.3662,103.9528,0.0,2025-03-30 14:30:00
679,Poole Road,1.30703,103.89067,0.0,2025-03-30 14:30:00
680,Pulau Ubin,1.4168,103.9673,0.2,2025-03-30 14:30:00
681,Punggol Central,1.4029,103.9092,0.0,2025-03-30 14:30:00
682,Scotts Road,1.31055,103.8365,0.2,2025-03-30 14:30:00
683,Seletar Aerospace View,1.41284,103.86922,0.0,2025-03-30 14:30:00
684,Sentosa,1.25,103.8279,0.0,2025-03-30 14:30:00
685,Simei Avenue,1.3437,103.9444,0.6,2025-03-30 14:30:00
686,Somerset Road,1.3004,103.8372,0.4,2025-03-30 14:30:00
687,South Buona Vista Road,1.2841,103.7886,0.0,2025-03-30 14:30:00
688,Tanjong Rhu,1.29911,103.88289,0.0,2025-03-30 14:30:00
689,Toa Payoh North,1.3427,103.8482,0.0,2025-03-30 14:30:00
690,Towner Road,1.3214,103.8577,0.0,2025-03-30 14:30:00
691,Tuas South Avenue 3,1.29377,103.61843,0.0,2025-03-30 14:30:00
692,Upper Changi Road North,1.3678,103.9826,2.4,2025-03-30 14:30:00
693,Upper Peirce Reservoir Park,1.37,103.805,0.0,2025-03-30 14:30:00
694,Upper Thomson Road,1.3701,103.8271,0.0,2025-03-30 14:30:00
695,West Coast Highway,1.281,103.754,0.0,2025-03-30 14:30:00
696,West Coast Road,1.30167,103.76444,0.0,2025-03-30 14:30:00
697,Woodlands Avenue 9,1.44387,103.78538,0.0,2025-03-30 14:30:00
698,Woodlands Centre,1.44003,103.76904,0.0,2025-03-30 14:30:00
699,Woodlands Drive 62,1.43944,103.80389,0.0,2025-03-30 14:30:00
700,Yio Chu Kang Road,1.37999,103.87643,0.0,2025-03-30 14:30:00
701,Yishun Ring Road,1.42111,103.84472,0.0,2025-03-30 14:30:00
702,Airport Boulevard,1.34392,103.98409,0.201,2025-03-30 14:50:00
703,Alexandra Road,1.2937,103.8125,0.0,2025-03-30 14:50:00
704,Ang Mo Kio Avenue 10,1.36019,103.85335,0.0,2025-03-30 14:50:00
705,Ang Mo Kio Avenue 5,1.3764,103.8492,0.0,2025-03-30 14:50:00
706,Banyan Road,1.256,103.679,0.0,2025-03-30 14:50:00
707,Bishan Street 13,1.35041,103.85526,0.0,2025-03-30 14:50:00
708,Bukit Batok Street 34,1.36491,103.75065,0.0,2025-03-30 14:50:00
709,Bukit Panjang Road,1.3824,103.7603,0.0,2025-03-30 14:50:00
710,Bukit Timah Road,1.3191,103.8191,0.0,2025-03-30 14:50:00
711,Changi East Close,1.3136,104.00317,0.0,2025-03-30 14:50:00
712,Clementi Park,1.32311,103.76714,0.0,2025-03-30 14:50:00
713,Clementi Road,1.3337,103.7768,0.0,2025-03-30 14:50:00
714,Compassvale Lane,1.38666,103.89797,1.015,2025-03-30 14:50:00
715,Coronation Walk,1.32427,103.8097,0.0,2025-03-30 14:50:00
716,East Coast Parkway,1.3135,103.9625,0.0,2025-03-30 14:50:00
717,Geylang East Central,1.32785,103.88899,0.0,2025-03-30 14:50:00
718,Henderson Road,1.28987,103.82364,0.0,2025-03-30 14:50:00
719,Hougang Avenue 1,1.35691,103.89088,0.0,2025-03-30 14:50:00
720,Jurong Pier Road,1.3081,103.71,0.0,2025-03-30 14:50:00
721,Jurong West Street 42,1.35167,103.72195,0.0,2025-03-30 14:50:00
722,Jurong West Street 73,1.34703,103.70073,0.0,2025-03-30 14:50:00
723,Kent Ridge Road,1.2923,103.7815,0.0,2025-03-30 14:50:00
724,Kim Chuan Road,1.3399,103.8878,0.2,2025-03-30 14:50:00
725,Kranji Road,1.42918,103.75711,3.248,2025-03-30 14:50:00
726,Kranji Way,1.4387,103.7363,0.0,2025-03-30 14:50:00
727,Lim Chu Kang Road,1.43854,103.70131,0.4,2025-03-30 14:50:00
728,Lornie Road,1.3415,103.8334,0.0,2025-03-30 14:50:00
729,Malan Road,1.27472,103.80389,0.0,2025-03-30 14:50:00
730,Mandai Lake Road,1.4044,103.78962,0.0,2025-03-30 14:50:00
731,Margaret Drive,1.29984,103.80264,0.0,2025-03-30 14:50:00
732,Marine Parade Road,1.30648,103.9104,0.0,2025-03-30 14:50:00
733,Nicoll Highway,1.30105,103.8666,0.0,2025-03-30 14:50:00
734,Old Choa Chu Kang Road,1.37288,103.72244,0.0,2025-03-30 14:50:00
735,Pasir Panjang,1.29164,103.7702,0.0,2025-03-30 14:50:00
736,Pasir Ris Drive 12,1.387,103.935,0.0,2025-03-30 14:50:00
737,Pasir Ris Street 51,1.3662,103.9528,0.2,2025-03-30 14:50:00
738,Poole Road,1.30703,103.89067,0.0,2025-03-30 14:50:00
739,Pulau Ubin,1.4168,103.9673,0.0,2025-03-30 14:50:00
740,Punggol Central,1.4029,103.9092,0.0,2025-03-30 14:50:00
741,Scotts Road,1.31055,103.8365,0.0,2025-03-30 14:50:00
742,Seletar Aerospace View,1.41284,103.86922,0.8,2025-03-30 14:50:00
743,Sentosa,1.25,103.8279,0.0,2025-03-30 14:50:00
744,Simei Avenue,1.3437,103.9444,0.0,2025-03-30 14:50:00
745,Somerset Road,1.3004,103.8372,0.0,2025-03-30 14:50:00
746,South Buona Vista Road,1.2841,103.7886,0.0,2025-03-30 14:50:00
747,Tanjong Rhu,1.29911,103.88289,0.0,2025-03-30 14:50:00
748,Toa Payoh North,1.3427,103.8482,0.0,2025-03-30 14:50:00
749,Towner Road,1.3214,103.8577,0.0,2025-03-30 14:50:00
750,Tuas South Avenue 3,1.29377,103.61843,0.0,2025-03-30 14:50:00
751,Upper Changi Road North,1.3678,103.9826,0.4,2025-03-30 14:50:00
752,Upper Peirce Reservoir Park,1.37,103.805,0.0,2025-03-30 14:50:00
753,Upper Thomson Road,1.3701,103.8271,0.0,2025-03-30 14:50:00
754,West Coast Highway,1.281,103.754,0.0,2025-03-30 14:50:00
755,West Coast Road,1.30167,103.76444,0.0,2025-03-30 14:50:00
756,Woodlands Avenue 9,1.44387,103.78538,2.0,2025-03-30 14:50:00
757,Woodlands Centre,1.44003,103.76904,7.236,2025-03-30 14:50:00
758,Woodlands Drive 62,1.43944,103.80389,0.0,2025-03-30 14:50:00
759,Yio Chu Kang Road,1.37999,103.87643,0.201,2025-03-30 14:50:00
760,Yishun Ring Road,1.42111,103.84472,0.0,2025-03-30 14:50:00
761,Airport Boulevard,1.34392,103.98409,0.0,2025-03-30 15:50:00
762,Alexandra Road,1.2937,103.8125,0.0,2025-03-30 15:50:00
763,Ang Mo Kio Avenue 10,1.36019,103.85335,0.0,2025-03-30 15:50:00
764,Ang Mo Kio Avenue 5,1.3764,103.8492,0.0,2025-03-30 15:50:00
765,Banyan Road,1.256,103.679,0.0,2025-03-30 15:50:00
766,Bishan Street 13,1.35041,103.85526,0.0,2025-03-30 15:50:00
767,Bukit Batok Street 34,1.36491,103.75065,0.0,2025-03-30 15:50:00
768,Bukit Panjang Road,1.3824,103.7603,0.0,2025-03-30 15:50:00
769,Bukit Timah Road,1.3191,103.8191,0.0,2025-03-30 15:50:00
770,Changi East Close,1.3136,104.00317,0.0,2025-03-30 15:50:00
771,Clementi Park,1.32311,103.76714,0.0,2025-03-30 15:50:00
772,Clementi Road,1.3337,103.7768,0.0,2025-03-30 15:50:00
773,Compassvale Lane,1.38666,103.89797,0.0,2025-03-30 15:50:00
774,Coronation Walk,1.32427,103.8097,0.0,2025-03-30 15:50:00
775,East Coast Parkway,1.3135,103.9625,0.0,2025-03-30 15:50:00
776,Geylang East Central,1.32785,103.88899,0.0,2025-03-30 15:50:00
777,Henderson Road,1.28987,103.82364,0.0,2025-03-30 15:50:00
778,Hougang Avenue 1,1.35691,103.89088,0.0,2025-03-30 15:50:00
779,Jurong Pier Road,1.3081,103.71,0.0,2025-03-30 15:50:00
780,Jurong West Street 42,1.35167,103.72195,0.0,2025-03-30 15:50:00
781,Jurong West Street 73,1.34703,103.70073,0.0,2025-03-30 15:50:00
782,Kent Ridge Road,1.2923,103.7815,0.0,2025-03-30 15:50:00
783,Kim Chuan Road,1.3399,103.8878,0.0,2025-03-30 15:50:00
784,Kranji Road,1.42918,103.75711,0.0,2025-03-30 15:50:00
785,Kranji Way,1.4387,103.7363,0.0,2025-03-30 15:50:00
786,Lim Chu Kang Road,1.43854,103.70131,0.0,2025-03-30 15:50:00
787,Lornie Road,1.3415,103.8334,0.0,2025-03-30 15:50:00
788,Malan Road,1.27472,103.80389,0.0,2025-03-30 15:50:00
789,Mandai Lake Road,1.4044,103.78962,0.0,2025-03-30 15:50:00
790,Margaret Drive,1.29984,103.80264,0.0,2025-03-30 15:50:00
791,Marine Parade Road,1.30648,103.9104,0.0,2025-03-30 15:50:00
792,Nicoll Highway,1.30105,103.8666,0.0,2025-03-30 15:50:00
793,Old Choa Chu Kang Road,1.37288,103.72244,0.0,2025-03-30 15:50:00
794,Pasir Panjang,1.29164,103.7702,0.0,2025-03-30 15:50:00
795,Pasir Ris Drive 12,1.387,103.935,0.0,2025-03-30 15:50:00
796,Pasir Ris Street 51,1.3662,103.9528,0.0,2025-03-30 15:50:00
797,Poole Road,1.30703,103.89067,0.0,2025-03-30 15:50:00
798,Pulau Ubin,1.4168,103.9673,0.0,2025-03-30 15:50:00
799,Punggol Central,1.4029,103.9092,0.0,2025-03-30 15:50:00
800,Scotts Road,1.31055,103.8365,0.0,2025-03-30 15:50:00
801,Seletar Aerospace View,1.41284,103.86922,0.0,2025-03-30 15:50:00
802,Sentosa,1.25,103.8279,0.0,2025-03-30 15:50:00
803,Simei Avenue,1.3437,103.9444,0.0,2025-03-30 15:50:00
804,Somerset Road,1.3004,103.8372,0.0,2025-03-30 15:50:00
805,South Buona Vista Road,1.2841,103.7886,0.0,2025-03-30 15:50:00
806,Tanjong Rhu,1.29911,103.88289,0.0,2025-03-30 15:50:00
807,Toa Payoh North,1.3427,103.8482,0.0,2025-03-30 15:50:00
808,Towner Road,1.3214,103.8577,0.0,2025-03-30 15:50:00
809,Tuas South Avenue 3,1.29377,103.61843,0.0,2025-03-30 15:50:00
810,Upper Changi Road North,1.3678,103.9826,0.0,2025-03-30 15:50:00
811,Upper Peirce Reservoir Park,1.37,103.805,0.0,2025-03-30 15:50:00
812,Upper Thomson Road,1.3701,103.8271,0.0,2025-03-30 15:50:00
813,West Coast Highway,1.281,103.754,0.0,2025-03-30 15:50:00
814,West Coast Road,1.30167,103.76444,0.0,2025-03-30 15:50:00
815,Woodlands Avenue 9,1.44387,103.78538,0.2,2025-03-30 15:50:00
816,Woodlands Centre,1.44003,103.76904,0.201,2025-03-30 15:50:00
817,Woodlands Drive 62,1.43944,103.80389,0.0,2025-03-30 15:50:00
818,Yio Chu Kang Road,1.37999,103.87643,0.0,2025-03-30 15:50:00
819,Yishun Ring Road,1.42111,103.84472,5.252,2025-03-30 15:50:00
820,Airport Boulevard,1.34392,103.98409,0.0,2025-03-30 16:50:00
821,Alexandra Road,1.2937,103.8125,0.0,2025-03-30 16:50:00
822,Ang Mo Kio Avenue 10,1.36019,103.85335,0.0,2025-03-30 16:50:00
823,Ang Mo Kio Avenue 5,1.3764,103.8492,0.0,2025-03-30 16:50:00
824,Banyan Road,1.256,103.679,0.0,2025-03-30 16:50:00
825,Bishan Street 13,1.35041,103.85526,0.0,2025-03-30 16:50:00
826,Bukit Batok Street 34,1.36491,103.75065,0.0,2025-03-30 16:50:00
827,Bukit Panjang Road,1.3824,103.7603,0.2,2025-03-30 16:50:00
828,Bukit Timah Road,1.3191,103.8191,0.0,2025-03-30 16:50:00
829,Changi East Close,1.3136,104.00317,0.0,2025-03-30 16:50:00
830,Clementi Park,1.32311,103.76714,0.0,2025-03-30 16:50:00
831,Clementi Road,1.3337,103.7768,0.0,2025-03-30 16:50:00
832,Compassvale Lane,1.38666,103.89797,0.0,2025-03-30 16:50:00
833,Coronation Walk,1.32427,103.8097,0.0,2025-03-30 16:50:00
834,East Coast Parkway,1.3135,103.9625,0.0,2025-03-30 16:50:00
835,Geylang East Central,1.32785,103.88899,0.0,2025-03-30 16:50:00
836,Henderson Road,1.28987,103.82364,0.0,2025-03-30 16:50:00
837,Hougang Avenue 1,1.35691,103.89088,0.198,2025-03-30 16:50:00
838,Jurong Pier Road,1.3081,103.71,0.4,2025-03-30 16:50:00
839,Jurong West Street 42,1.35167,103.72195,0.0,2025-03-30 16:50:00
840,Jurong West Street 73,1.34703,103.70073,0.0,2025-03-30 16:50:00
841,Kent Ridge Road,1.2923,103.7815,0.0,2025-03-30 16:50:00
842,Kim Chuan Road,1.3399,103.8878,0.2,2025-03-30 16:50:00
843,Kranji Road,1.42918,103.75711,0.203,2025-03-30 16:50:00
844,Kranji Way,1.4387,103.7363,0.0,2025-03-30 16:50:00
845,Lim Chu Kang Road,1.43854,103.70131,0.0,2025-03-30 16:50:00
846,Lornie Road,1.3415,103.8334,0.0,2025-03-30 16:50:00
847,Malan Road,1.27472,103.80389,0.0,2025-03-30 16:50:00
848,Mandai Lake Road,1.4044,103.78962,0.2,2025-03-30 16:50:00
849,Margaret Drive,1.29984,103.80264,0.0,2025-03-30 16:50:00
850,Marine Parade Road,1.30648,103.9104,0.0,2025-03-30 16:50:00
851,Nicoll Highway,1.30105,103.8666,0.0,2025-03-30 16:50:00
852,Old Choa Chu Kang Road,1.37288,103.72244,0.2,2025-03-30 16:50:00
853,Pasir Panjang,1.29164,103.7702,0.0,2025-03-30 16:50:00
854,Pasir Ris Drive 12,1.387,103.935,0.0,2025-03-30 16:50:00
855,Pasir Ris Street 51,1.3662,103.9528,0.0,2025-03-30 16:50:00
856,Poole Road,1.30703,103.89067,0.0,2025-03-30 16:50:00
857,Pulau Ubin,1.4168,103.9673,0.0,2025-03-30 16:50:00
858,Punggol Central,1.4029,103.9092,0.0,2025-03-30 16:50:00
859,Scotts Road,1.31055,103.8365,0.0,2025-03-30 16:50:00
860,Seletar Aerospace View,1.41284,103.86922,0.0,2025-03-30 16:50:00
861,Sentosa,1.25,103.8279,0.0,2025-03-30 16:50:00
862,Simei Avenue,1.3437,103.9444,0.0,2025-03-30 16:50:00
863,Somerset Road,1.3004,103.8372,0.0,2025-03-30 16:50:00
864,South Buona Vista Road,1.2841,103.7886,0.0,2025-03-30 16:50:00
865,Tanjong Rhu,1.29911,103.88289,0.0,2025-03-30 16:50:00
866,Toa Payoh North,1.3427,103.8482,0.0,2025-03-30 16:50:00
867,Towner Road,1.3214,103.8577,0.0,2025-03-30 16:50:00
868,Tuas South Avenue 3,1.29377,103.61843,0.0,2025-03-30 16:50:00
869,Upper Changi Road North,1.3678,103.9826,0.0,2025-03-30 16:50:00
870,Upper Peirce Reservoir Park,1.37,103.805,0.0,2025-03-30 16:50:00
871,Upper Thomson Road,1.3701,103.8271,0.0,2025-03-30 16:50:00
872,West Coast Highway,1.281,103.754,0.0,2025-03-30 16:50:00
873,West Coast Road,1.30167,103.76444,0.0,2025-03-30 16:50:00
874,Woodlands Avenue 9,1.44387,103.78538,0.2,2025-03-30 16:50:00
875,Woodlands Centre,1.44003,103.76904,0.0,2025-03-30 16:50:00
876,Woodlands Drive 62,1.43944,103.80389,0.0,2025-03-30 16:50:00
877,Yio Chu Kang Road,1.37999,103.87643,0.0,2025-03-30 16:50:00
878,Yishun Ring Road,1.42111,103.84472,0.0,2025-03-30 16:50:00
879,Airport Boulevard,1.34392,103.98409,0.0,2025-03-30 17:50:00
880,Alexandra Road,1.2937,103.8125,0.0,2025-03-30 17:50:00
881,Ang Mo Kio Avenue 10,1.36019,103.85335,0.0,2025-03-30 17:50:00
882,Ang Mo Kio Avenue 5,1.3764,103.8492,0.0,2025-03-30 17:50:00
883,Banyan Road,1.256,103.679,0.0,2025-03-30 17:50:00
884,Bishan Street 13,1.35041,103.85526,0.0,2025-03-30 17:50:00
885,Bukit Batok Street 34,1.36491,103.75065,0.0,2025-03-30 17:50:00
886,Bukit Panjang Road,1.3824,103.7603,0.0,2025-03-30 17:50:00
887,Bukit Timah Road,1.3191,103.8191,0.0,2025-03-30 17:50:00
888,Changi East Close,1.3136,104.00317,0.0,2025-03-30 17:50:00
889,Clementi Park,1.32311,103.76714,0.0,2025-03-30 17:50:00
890,Clementi Road,1.3337,103.7768,0.0,2025-03-30 17:50:00
891,Compassvale Lane,1.38666,103.89797,0.0,2025-03-30 17:50:00
892,Coronation Walk,1.32427,103.8097,0.0,2025-03-30 17:50:00
893,East Coast Parkway,1.3135,103.9625,0.0,2025-03-30 17:50:00
894,Geylang East Central,1.32785,103.88899,0.0,2025-03-30 17:50:00
895,Henderson Road,1.28987,103.82364,0.0,2025-03-30 17:50:00
896,Hougang Avenue 1,1.35691,103.89088,0.0,2025-03-30 17:50:00
897,Jurong Pier Road,1.3081,103.71,0.0,2025-03-30 17:50:00
898,Jurong West Street 42,1.35167,103.72195,0.0,2025-03-30 17:50:00
899,Jurong West Street 73,1.34703,103.70073,0.0,2025-03-30 17:50:00
900,Kent Ridge Road,1.2923,103.7815,0.0,2025-03-30 17:50:00
901,Kim Chuan Road,1.3399,103.8878,0.0,2025-03-30 17:50:00
902,Kranji Road,1.42918,103.75711,0.0,2025-03-30 17:50:00
903,Kranji Way,1.4387,103.7363,0.0,2025-03-30 17:50:00
904,Lim Chu Kang Road,1.43854,103.70131,0.0,2025-03-30 17:50:00
905,Lornie Road,1.3415,103.8334,0.0,2025-03-30 17:50:00
906,Malan Road,1.27472,103.80389,0.0,2025-03-30 17:50:00
907,Mandai Lake Road,1.4044,103.78962,0.0,2025-03-30 17:50:00
908,Margaret Drive,1.29984,103.80264,0.0,2025-03-30 17:50:00
909,Marine Parade Road,1.30648,103.9104,0.0,2025-03-30 17:50:00
910,Nicoll Highway,1.30105,103.8666,0.0,2025-03-30 17:50:00
911,Old Choa Chu Kang Road,1.37288,103.72244,0.0,2025-03-30 17:50:00
912,Pasir Panjang,1.29164,103.7702,0.0,2025-03-30 17:50:00
913,Pasir Ris Drive 12,1.387,103.935,0.0,2025-03-30 17:50:00
914,Pasir Ris Street 51,1.3662,103.9528,0.0,2025-03-30 17:50:00
915,Poole Road,1.30703,103.89067,0.0,2025-03-30 17:50:00
916,Pulau Ubin,1.4168,103.9673,0.0,2025-03-30 17:50:00
917,Punggol Central,1.4029,103.9092,0.0,2025-03-30 17:50:00
918,Scotts Road,1.31055,103.8365,0.0,2025-03-30 17:50:00
919,Seletar Aerospace View,1.41284,103.86922,0.0,2025-03-30 17:50:00
920,Sentosa,1.25,103.8279,0.0,2025-03-30 17:50:00
921,Simei Avenue,1.3437,103.9444,0.0,2025-03-30 17:50:00
922,Somerset Road,1.3004,103.8372,0.0,2025-03-30 17:50:00
923,South Buona Vista Road,1.2841,103.7886,0.0,2025-03-30 17:50:00
924,Tanjong Rhu,1.29911,103.88289,0.0,2025-03-30 17:50:00
925,Toa Payoh North,1.3427,103.8482,0.0,2025-03-30 17:50:00
926,Towner Road,1.3214,103.8577,0.0,2025-03-30 17:50:00
927,Tuas South Avenue 3,1.29377,103.61843,0.0,2025-03-30 17:50:00
928,Upper Changi Road North,1.3678,103.9826,0.0,2025-03-30 17:50:00
929,Upper Peirce Reservoir Park,1.37,103.805,0.0,2025-03-30 17:50:00
930,Upper Thomson Road,1.3701,103.8271,0.0,2025-03-30 17:50:00
931,West Coast Highway,1.281,103.754,0.0,2025-03-30 17:50:00
932,West Coast Road,1.30167,103.76444,0.0,2025-03-30 17:50:00
933,Woodlands Avenue 9,1.44387,103.78538,0.0,2025-03-30 17:50:00
934,Woodlands Centre,1.44003,103.76904,0.0,2025-03-30 17:50:00
935,Woodlands Drive 62,1.43944,103.80389,0.0,2025-03-30 17:50:00
936,Yio Chu Kang Road,1.37999,103.87643,0.0,2025-03-30 17:50:00
937,Yishun Ring Road,1.42111,103.84472,0.0,2025-03-30 17:50:00
938,Airport Boulevard,1.34392,103.98409,0.0,2025-03-30 18:50:00
939,Alexandra Road,1.2937,103.8125,0.0,2025-03-30 18:50:00
940,Ang Mo Kio Avenue 10,1.36019,103.85335,0.0,2025-03-30 18:50:00
941,Ang Mo Kio Avenue 5,1.3764,103.8492,0.0,2025-03-30 18:50:00
942,Banyan Road,1.256,103.679,0.0,2025-03-30 18:50:00
943,Bishan Street 13,1.35041,103.85526,0.0,2025-03-30 18:50:00
944,Bukit Batok Street 34,1.36491,103.75065,0.0,2025-03-30 18:50:00
945,Bukit Panjang Road,1.3824,103.7603,0.0,2025-03-30 18:50:00
946,Bukit Timah Road,1.3191,103.8191,0.0,2025-03-30 18:50:00
947,Changi East Close,1.3136,104.00317,0.0,2025-03-30 18:50:00
948,Clementi Park,1.32311,103.76714,0.0,2025-03-30 18:50:00
949,Clementi Road,1.3337,103.7768,0.0,2025-03-30 18:50:00
950,Compassvale Lane,1.38666,103.89797,0.0,2025-03-30 18:50:00
951,Coronation Walk,1.32427,103.8097,0.0,2025-03-30 18:50:00
952,East Coast Parkway,1.3135,103.9625,0.0,2025-03-30 18:50:00
953,Geylang East Central,1.32785,103.88899,0.0,2025-03-30 18:50:00
954,Henderson Road,1.28987,103.82364,0.0,2025-03-30 18:50:00
955,Hougang Avenue 1,1.35691,103.89088,0.0,2025-03-30 18:50:00
956,Jurong Pier Road,1.3081,103.71,0.0,2025-03-30 18:50:00
957,Jurong West Street 42,1.35167,103.72195,0.0,2025-03-30 18:50:00
958,Jurong West Street 73,1.34703,103.70073,0.0,2025-03-30 18:50:00
959,Kent Ridge Road,1.2923,103.7815,0.0,2025-03-30 18:50:00
960,Kim Chuan Road,1.3399,103.8878,0.0,2025-03-30 18:50:00
961,Kranji Road,1.42918,103.75711,0.0,2025-03-30 18:50:00
962,Kranji Way,1.4387,103.7363,0.0,2025-03-30 18:50:00
963,Lim Chu Kang Road,1.43854,103.70131,0.0,2025-03-30 18:50:00
964,Lornie Road,1.3415,103.8334,0.0,2025-03-30 18:50:00
965,Malan Road,1.27472,103.80389,0.0,2025-03-30 18:50:00
966,Mandai Lake Road,1.4044,103.78962,0.0,2025-03-30 18:50:00
967,Margaret Drive,1.29984,103.80264,0.0,2025-03-30 18:50:00
968,Marine Parade Road,1.30648,103.9104,0.0,2025-03-30 18:50:00
969,Nicoll Highway,1.30105,103.8666,0.0,2025-03-30 18:50:00
970,Old Choa Chu Kang Road,1.37288,103.72244,0.0,2025-03-30 18:50:00
971,Pasir Panjang,1.29164,103.7702,0.0,2025-03-30 18:50:00
972,Pasir Ris Drive 12,1.387,103.935,0.0,2025-03-30 18:50:00
973,Pasir Ris Street 51,1.3662,103.9528,0.0,2025-03-30 18:50:00
974,Poole Road,1.30703,103.89067,0.0,2025-03-30 18:50:00
975,Pulau Ubin,1.4168,103.9673,0.0,2025-03-30 18:50:00
976,Punggol Central,1.4029,103.9092,0.0,2025-03-30 18:50:00
977,Scotts Road,1.31055,103.8365,0.0,2025-03-30 18:50:00
978,Seletar Aerospace View,1.41284,103.86922,0.0,2025-03-30 18:50:00
979,Sentosa,1.25,103.8279,0.0,2025-03-30 18:50:00
980,Simei Avenue,1.3437,103.9444,0.0,2025-03-30 18:50:00
981,Somerset Road,1.3004,103.8372,0.0,2025-03-30 18:50:00
982,South Buona Vista Road,1.2841,103.7886,0.0,2025-03-30 18:50:00
983,Tanjong Rhu,1.29911,103.88289,0.0,2025-03-30 18:50:00
984,Toa Payoh North,1.3427,103.8482,0.0,2025-03-30 18:50:00
985,Towner Road,1.3214,103.8577,0.0,2025-03-30 18:50:00
986,Tuas South Avenue 3,1.29377,103.61843,0.0,2025-03-30 18:50:00
987,Upper Changi Road North,1.3678,103.9826,0.0,2025-03-30 18:50:00
988,Upper Peirce Reservoir Park,1.37,103.805,0.0,2025-03-30 18:50:00
989,Upper Thomson Road,1.3701,103.8271,0.0,2025-03-30 18:50:00
990,West Coast Highway,1.281,103.754,0.0,2025-03-30 18:50:00
991,West Coast Road,1.30167,103.76444,0.0,2025-03-30 18:50:00
992,Woodlands Avenue 9,1.44387,103.78538,0.0,2025-03-30 18:50:00
993,Woodlands Centre,1.44003,103.76904,0.0,2025-03-30 18:50:00
994,Woodlands Drive 62,1.43944,103.80389,0.0,2025-03-30 18:50:00
995,Yio Chu Kang Road,1.37999,103.87643,0.0,2025-03-30 18:50:00
996,Yishun Ring Road,1.42111,103.84472,0.0,2025-03-30 18:50:00
997,Airport Boulevard,1.34392,103.98409,0.0,2025-03-30 19:50:00
998,Alexandra Road,1.2937,103.8125,0.0,2025-03-30 19:50:00
999,Ang Mo Kio Avenue 10,1.36019,103.85335,0.0,2025-03-30 19:50:00
1000,Ang Mo Kio Avenue 5,1.3764,103.8492,0.0,2025-03-30 19:50:00
1001,Banyan Road,1.256,103.679,0.0,2025-03-30 19:50:00
1002,Bishan Street 13,1.35041,103.85526,0.0,2025-03-30 19:50:00
1003,Bukit Batok Street 34,1.36491,103.75065,0.0,2025-03-30 19:50:00
1004,Bukit Panjang Road,1.3824,103.7603,0.0,2025-03-30 19:50:00
1005,Bukit Timah Road,1.3191,103.8191,0.0,2025-03-30 19:50:00
1006,Changi East Close,1.3136,104.00317,0.0,2025-03-30 19:50:00
1007,Clementi Park,1.32311,103.76714,0.0,2025-03-30 19:50:00
1008,Clementi Road,1.3337,103.7768,0.0,2025-03-30 19:50:00
1009,Compassvale Lane,1.38666,103.89797,0.0,2025-03-30 19:50:00
1010,Coronation Walk,1.32427,103.8097,0.0,2025-03-30 19:50:00
1011,East Coast Parkway,1.3135,103.9625,0.0,2025-03-30 19:50:00
1012,Geylang East Central,1.32785,103.88899,0.0,2025-03-30 19:50:00
1013,Henderson Road,1.28987,103.82364,0.0,2025-03-30 19:50:00
1014,Hougang Avenue 1,1.35691,103.89088,0.0,2025-03-30 19:50:00
1015,Jurong Pier Road,1.3081,103.71,0.0,2025-03-30 19:50:00
1016,Jurong West Street 42,1.35167,103.72195,0.0,2025-03-30 19:50:00
1017,Jurong West Street 73,1.34703,103.70073,0.0,2025-03-30 19:50:00
1018,Kent Ridge Road,1.2923,103.7815,0.0,2025-03-30 19:50:00
1019,Kim Chuan Road,1.3399,103.8878,0.0,2025-03-30 19:50:00
1020,Kranji Road,1.42918,103.75711,0.0,2025-03-30 19:50:00
1021,Kranji Way,1.4387,103.7363,0.0,2025-03-30 19:50:00
1022,Lim Chu Kang Road,1.43854,103.70131,0.0,2025-03-30 19:50:00
1023,Lornie Road,1.3415,103.8334,0.0,2025-03-30 19:50:00
1024,Malan Road,1.27472,103.80389,0.0,2025-03-30 19:50:00
1025,Mandai Lake Road,1.4044,103.78962,0.0,2025-03-30 19:50:00
1026,Margaret Drive,1.29984,103.80264,0.0,2025-03-30 19:50:00
1027,Marine Parade Road,1.30648,103.9104,0.0,2025-03-30 19:50:00
1028,Nicoll Highway,1.30105,103.8666,0.0,2025-03-30 19:50:00
1029,Old Choa Chu Kang Road,1.37288,103.72244,0.0,2025-03-30 19:50:00
1030,Pasir Panjang,1.29164,103.7702,0.0,2025-03-30 19:50:00
1031,Pasir Ris Drive 12,1.387,103.935,0.0,2025-03-30 19:50:00
1032,Pasir Ris Street 51,1.3662,103.9528,0.0,2025-03-30 19:50:00
1033,Poole Road,1.30703,103.89067,0.0,2025-03-30 19:50:00
1034,Pulau Ubin,1.4168,103.9673,0.0,2025-03-30 19:50:00
1035,Punggol Central,1.4029,103.9092,0.0,2025-03-30 19:50:00
1036,Scotts Road,1.31055,103.8365,0.0,2025-03-30 19:50:00
1037,Seletar Aerospace View,1.41284,103.86922,0.0,2025-03-30 19:50:00
1038,Sentosa,1.25,103.8279,0.0,2025-03-30 19:50:00
1039,Simei Avenue,1.3437,103.9444,0.0,2025-03-30 19:50:00
1040,Somerset Road,1.3004,103.8372,0.0,2025-03-30 19:50:00
1041,South Buona Vista Road,1.2841,103.7886,0.0,2025-03-30 19:50:00
1042,Tanjong Rhu,1.29911,103.88289,0.0,2025-03-30 19:50:00
1043,Toa Payoh North,1.3427,103.8482,0.0,2025-03-30 19:50:00
1044,Towner Road,1.3214,103.8577,0.0,2025-03-30 19:50:00
1045,Tuas South Avenue 3,1.29377,103.61843,0.0,2025-03-30 19:50:00
1046,Upper Changi Road North,1.3678,103.9826,0.0,2025-03-30 19:50:00
1047,Upper Peirce Reservoir Park,1.37,103.805,0.0,2025-03-30 19:50:00
1048,Upper Thomson Road,1.3701,103.8271,0.0,2025-03-30 19:50:00
1049,West Coast Highway,1.281,103.754,0.0,2025-03-30 19:50:00
1050,West Coast Road,1.30167,103.76444,0.0,2025-03-30 19:50:00
1051,Woodlands Avenue 9,1.44387,103.78538,0.0,2025-03-30 19:50:00
1052,Woodlands Centre,1.44003,103.76904,0.0,2025-03-30 19:50:00
1053,Woodlands Drive 62,1.43944,103.80389,0.0,2025-03-30 19:50:00
1054,Yio Chu Kang Road,1.37999,103.87643,0.0,2025-03-30 19:50:00
1055,Yishun Ring Road,1.42111,103.84472,0.0,2025-03-30 19:50:00
1056,Airport Boulevard,1.34392,103.98409,0.0,2025-03-30 20:50:00
1057,Alexandra Road,1.2937,103.8125,0.0,2025-03-30 20:50:00
1058,Ang Mo Kio Avenue 10,1.36019,103.85335,0.0,2025-03-30 20:50:00
1059,Ang Mo Kio Avenue 5,1.3764,103.8492,0.0,2025-03-30 20:50:00
1060,Banyan Road,1.256,103.679,0.0,2025-03-30 20:50:00
1061,Bishan Street 13,1.35041,103.85526,0.0,2025-03-30 20:50:00
1062,Bukit Batok Street 34,1.36491,103.75065,0.0,2025-03-30 20:50:00
1063,Bukit Panjang Road,1.3824,103.7603,0.0,2025-03-30 20:50:00
1064,Bukit Timah Road,1.3191,103.8191,0.0,2025-03-30 20:50:00
1065,Changi East Close,1.3136,104.00317,0.0,2025-03-30 20:50:00
1066,Clementi Park,1.32311,103.76714,0.0,2025-03-30 20:50:00
1067,Clementi Road,1.3337,103.7768,0.0,2025-03-30 20:50:00
1068,Compassvale Lane,1.38666,103.89797,0.0,2025-03-30 20:50:00
1069,Coronation Walk,1.32427,103.8097,0.0,2025-03-30 20:50:00
1070,East Coast Parkway,1.3135,103.9625,0.0,2025-03-30 20:50:00
1071,Geylang East Central,1.32785,103.88899,0.0,2025-03-30 20:50:00
1072,Henderson Road,1.28987,103.82364,0.0,2025-03-30 20:50:00
1073,Hougang Avenue 1,1.35691,103.89088,0.0,2025-03-30 20:50:00
1074,Jurong Pier Road,1.3081,103.71,0.0,2025-03-30 20:50:00
1075,Jurong West Street 42,1.35167,103.72195,0.0,2025-03-30 20:50:00
1076,Jurong West Street 73,1.34703,103.70073,0.0,2025-03-30 20:50:00
1077,Kent Ridge Road,1.2923,103.7815,0.0,2025-03-30 20:50:00
1078,Kim Chuan Road,1.3399,103.8878,0.0,2025-03-30 20:50:00
1079,Kranji Road,1.42918,103.75711,0.0,2025-03-30 20:50:00
1080,Kranji Way,1.4387,103.7363,0.0,2025-03-30 20:50:00
1081,Lim Chu Kang Road,1.43854,103.70131,0.0,2025-03-30 20:50:00
1082,Lornie Road,1.3415,103.8334,0.0,2025-03-30 20:50:00
1083,Malan Road,1.27472,103.80389,0.0,2025-03-30 20:50:00
1084,Mandai Lake Road,1.4044,103.78962,0.0,2025-03-30 20:50:00
1085,Margaret Drive,1.29984,103.80264,0.0,2025-03-30 20:50:00
1086,Marine Parade Road,1.30648,103.9104,0.0,2025-03-30 20:50:00
1087,Nicoll Highway,1.30105,103.8666,0.0,2025-03-30 20:50:00
1088,Old Choa Chu Kang Road,1.37288,103.72244,0.0,2025-03-30 20:50:00
1089,Pasir Panjang,1.29164,103.7702,0.0,2025-03-30 20:50:00
1090,Pasir Ris Drive 12,1.387,103.935,0.0,2025-03-30 20:50:00
1091,Pasir Ris Street 51,1.3662,103.9528,0.0,2025-03-30 20:50:00
1092,Poole Road,1.30703,103.89067,0.0,2025-03-30 20:50:00
1093,Pulau Ubin,1.4168,103.9673,0.0,2025-03-30 20:50:00
1094,Punggol Central,1.4029,103.9092,0.0,2025-03-30 20:50:00
1095,Scotts Road,1.31055,103.8365,0.0,2025-03-30 20:50:00
1096,Seletar Aerospace View,1.41284,103.86922,0.0,2025-03-30 20:50:00
1097,Sentosa,1.25,103.8279,0.0,2025-03-30 20:50:00
1098,Simei Avenue,1.3437,103.9444,0.0,2025-03-30 20:50:00
1099,Somerset Road,1.3004,103.8372,0.0,2025-03-30 20:50:00
1100,South Buona Vista Road,1.2841,103.7886,0.0,2025-03-30 20:50:00
1101,Tanjong Rhu,1.29911,103.88289,0.0,2025-03-30 20:50:00
1102,Toa Payoh North,1.3427,103.8482,0.0,2025-03-30 20:50:00
1103,Towner Road,1.3214,103.8577,0.0,2025-03-30 20:50:00
1104,Tuas South Avenue 3,1.29377,103.61843,0.0,2025-03-30 20:50:00
1105,Upper Changi Road North,1.3678,103.9826,0.0,2025-03-30 20:50:00
1106,Upper Peirce Reservoir Park,1.37,103.805,0.0,2025-03-30 20:50:00
1107,Upper Thomson Road,1.3701,103.8271,0.0,2025-03-30 20:50:00
1108,West Coast Highway,1.281,103.754,0.0,2025-03-30 20:50:00
1109,West Coast Road,1.30167,103.76444,0.0,2025-03-30 20:50:00
1110,Woodlands Avenue 9,1.44387,103.78538,0.0,2025-03-30 20:50:00
1111,Woodlands Centre,1.44003,103.76904,0.0,2025-03-30 20:50:00
1112,Woodlands Drive 62,1.43944,103.80389,0.0,2025-03-30 20:50:00
1113,Yio Chu Kang Road,1.37999,103.87643,0.0,2025-03-30 20:50:00
1114,Yishun Ring Road,1.42111,103.84472,0.0,2025-03-30 20:50:00
1115,Airport Boulevard,1.34392,103.98409,0.0,2025-03-30 21:50:00
1116,Alexandra Road,1.2937,103.8125,0.0,2025-03-30 21:50:00
1117,Ang Mo Kio Avenue 10,1.36019,103.85335,0.0,2025-03-30 21:50:00
1118,Ang Mo Kio Avenue 5,1.3764,103.8492,0.0,2025-03-30 21:50:00
1119,Banyan Road,1.256,103.679,0.0,2025-03-30 21:50:00
1120,Bishan Street 13,1.35041,103.85526,0.0,2025-03-30 21:50:00
1121,Bukit Batok Street 34,1.36491,103.75065,0.0,2025-03-30 21:50:00
1122,Bukit Panjang Road,1.3824,103.7603,0.0,2025-03-30 21:50:00
1123,Bukit Timah Road,1.3191,103.8191,0.0,2025-03-30 21:50:00
1124,Changi East Close,1.3136,104.00317,0.0,2025-03-30 21:50:00
1125,Clementi Park,1.32311,103.76714,0.0,2025-03-30 21:50:00
1126,Clementi Road,1.3337,103.7768,0.0,2025-03-30 21:50:00
1127,Compassvale Lane,1.38666,103.89797,0.0,2025-03-30 21:50:00
1128,Coronation Walk,1.32427,103.8097,0.0,2025-03-30 21:50:00
1129,East Coast Parkway,1.3135,103.9625,0.0,2025-03-30 21:50:00
1130,Geylang East Central,1.32785,103.88899,0.0,2025-03-30 21:50:00
1131,Henderson Road,1.28987,103.82364,0.0,2025-03-30 21:50:00
1132,Hougang Avenue 1,1.35691,103.89088,0.0,2025-03-30 21:50:00
1133,Jurong Pier Road,1.3081,103.71,0.0,2025-03-30 21:50:00
1134,Jurong West Street 42,1.35167,103.72195,0.0,2025-03-30 21:50:00
1135,Jurong West Street 73,1.34703,103.70073,0.0,2025-03-30 21:50:00
1136,Kent Ridge Road,1.2923,103.7815,0.0,2025-03-30 21:50:00
1137,Kim Chuan Road,1.3399,103.8878,0.0,2025-03-30 21:50:00
1138,Kranji Road,1.42918,103.75711,0.0,2025-03-30 21:50:00
1139,Kranji Way,1.4387,103.7363,0.0,2025-03-30 21:50:00
1140,Lim Chu Kang Road,1.43854,103.70131,0.0,2025-03-30 21:50:00
1141,Lornie Road,1.3415,103.8334,0.0,2025-03-30 21:50:00
1142,Malan Road,1.27472,103.80389,0.0,2025-03-30 21:50:00
1143,Mandai Lake Road,1.4044,103.78962,0.0,2025-03-30 21:50:00
1144,Margaret Drive,1.29984,103.80264,0.0,2025-03-30 21:50:00
1145,Marine Parade Road,1.30648,103.9104,0.0,2025-03-30 21:50:00
1146,Nicoll Highway,1.30105,103.8666,0.0,2025-03-30 21:50:00
1147,Old Choa Chu Kang Road,1.37288,103.72244,0.0,2025-03-30 21:50:00
1148,Pasir Panjang,1.29164,103.7702,0.0,2025-03-30 21:50:00
1149,Pasir Ris Drive 12,1.387,103.935,0.0,2025-03-30 21:50:00
1150,Pasir Ris Street 51,1.3662,103.9528,0.0,2025-03-30 21:50:00
1151,Poole Road,1.30703,103.89067,0.0,2025-03-30 21:50:00
1152,Pulau Ubin,1.4168,103.9673,0.0,2025-03-30 21:50:00
1153,Punggol Central,1.4029,103.9092,0.0,2025-03-30 21:50:00
1154,Scotts Road,1.31055,103.8365,0.0,2025-03-30 21:50:00
1155,Seletar Aerospace View,1.41284,103.86922,0.0,2025-03-30 21:50:00
1156,Sentosa,1.25,103.8279,0.0,2025-03-30 21:50:00
1157,Simei Avenue,1.3437,103.9444,0.0,2025-03-30 21:50:00
1158,Somerset Road,1.3004,103.8372,0.0,2025-03-30 21:50:00
1159,South Buona Vista Road,1.2841,103.7886,0.0,2025-03-30 21:50:00
1160,Tanjong Rhu,1.29911,103.88289,0.0,2025-03-30 21:50:00
1161,Toa Payoh North,1.3427,103.8482,0.0,2025-03-30 21:50:00
1162,Towner Road,1.3214,103.8577,0.0,2025-03-30 21:50:00
1163,Tuas South Avenue 3,1.29377,103.61843,0.0,2025-03-30 21:50:00
1164,Upper Changi Road North,1.3678,103.9826,0.0,2025-03-30 21:50:00
1165,Upper Peirce Reservoir Park,1.37,103.805,0.0,2025-03-30 21:50:00
1166,Upper Thomson Road,1.3701,103.8271,0.0,2025-03-30 21:50:00
1167,West Coast Highway,1.281,103.754,0.0,2025-03-30 21:50:00
1168,West Coast Road,1.30167,103.76444,0.0,2025-03-30 21:50:00
1169,Woodlands Avenue 9,1.44387,103.78538,0.0,2025-03-30 21:50:00
1170,Woodlands Centre,1.44003,103.76904,0.0,2025-03-30 21:50:00
1171,Woodlands Drive 62,1.43944,103.80389,0.0,2025-03-30 21:50:00
1172,Yio Chu Kang Road,1.37999,103.87643,0.0,2025-03-30 21:50:00
1173,Yishun Ring Road,1.42111,103.84472,0.0,2025-03-30 21:50:00
1174,Airport Boulevard,1.34392,103.98409,0.0,2025-03-30 22:50:00
1175,Alexandra Road,1.2937,103.8125,0.0,2025-03-30 22:50:00
1176,Ang Mo Kio Avenue 10,1.36019,103.85335,0.0,2025-03-30 22:50:00
1177,Ang Mo Kio Avenue 5,1.3764,103.8492,0.0,2025-03-30 22:50:00
1178,Banyan Road,1.256,103.679,0.0,2025-03-30 22:50:00
1179,Bishan Street 13,1.35041,103.85526,0.0,2025-03-30 22:50:00
1180,Bukit Batok Street 34,1.36491,103.75065,0.0,2025-03-30 22:50:00
1181,Bukit Panjang Road,1.3824,103.7603,0.0,2025-03-30 22:50:00
1182,Bukit Timah Road,1.3191,103.8191,0.0,2025-03-30 22:50:00
1183,Changi East Close,1.3136,104.00317,0.0,2025-03-30 22:50:00
1184,Clementi Park,1.32311,103.76714,0.0,2025-03-30 22:50:00
1185,Clementi Road,1.3337,103.7768,0.0,2025-03-30 22:50:00
1186,Compassvale Lane,1.38666,103.89797,0.0,2025-03-30 22:50:00
1187,Coronation Walk,1.32427,103.8097,0.0,2025-03-30 22:50:00
1188,East Coast Parkway,1.3135,103.9625,0.0,2025-03-30 22:50:00
1189,Geylang East Central,1.32785,103.88899,0.0,2025-03-30 22:50:00
1190,Henderson Road,1.28987,103.82364,0.0,2025-03-30 22:50:00
1191,Hougang Avenue 1,1.35691,103.89088,0.0,2025-03-30 22:50:00
1192,Jurong Pier Road,1.3081,103.71,0.0,2025-03-30 22:50:00
1193,Jurong West Street 42,1.35167,103.72195,0.0,2025-03-30 22:50:00
1194,Jurong West Street 73,1.34703,103.70073,0.0,2025-03-30 22:50:00
1195,Kent Ridge Road,1.2923,103.7815,0.0,2025-03-30 22:50:00
1196,Kim Chuan Road,1.3399,103.8878,0.0,2025-03-30 22:50:00
1197,Kranji Road,1.42918,103.75711,0.0,2025-03-30 22:50:00
1198,Kranji Way,1.4387,103.7363,0.0,2025-03-30 22:50:00
1199,Lim Chu Kang Road,1.43854,103.70131,0.0,2025-03-30 22:50:00
1200,Lornie Road,1.3415,103.8334,0.0,2025-03-30 22:50:00
1201,Malan Road,1.27472,103.80389,0.0,2025-03-30 22:50:00
1202,Mandai Lake Road,1.4044,103.78962,0.0,2025-03-30 22:50:00
1203,Margaret Drive,1.29984,103.80264,0.0,2025-03-30 22:50:00
1204,Marine Parade Road,1.30648,103.9104,0.0,2025-03-30 22:50:00
1205,Nicoll Highway,1.30105,103.8666,0.0,2025-03-30 22:50:00
1206,Old Choa Chu Kang Road,1.37288,103.72244,0.0,2025-03-30 22:50:00
1207,Pasir Panjang,1.29164,103.7702,0.0,2025-03-30 22:50:00
1208,Pasir Ris Drive 12,1.387,103.935,0.0,2025-03-30 22:50:00
1209,Pasir Ris Street 51,1.3662,103.9528,0.0,2025-03-30 22:50:00
1210,Poole Road,1.30703,103.89067,0.0,2025-03-30 22:50:00
1211,Pulau Ubin,1.4168,103.9673,0.0,2025-03-30 22:50:00
1212,Punggol Central,1.4029,103.9092,0.0,2025-03-30 22:50:00
1213,Scotts Road,1.31055,103.8365,0.0,2025-03-30 22:50:00
1214,Seletar Aerospace View,1.41284,103.86922,0.0,2025-03-30 22:50:00
1215,Sentosa,1.25,103.8279,0.0,2025-03-30 22:50:00
1216,Simei Avenue,1.3437,103.9444,0.0,2025-03-30 22:50:00
1217,Somerset Road,1.3004,103.8372,0.0,2025-03-30 22:50:00
1218,South Buona Vista Road,1.2841,103.7886,0.0,2025-03-30 22:50:00
1219,Tanjong Rhu,1.29911,103.88289,0.0,2025-03-30 22:50:00
1220,Toa Payoh North,1.3427,103.8482,0.0,2025-03-30 22:50:00
1221,Towner Road,1.3214,103.8577,0.0,2025-03-30 22:50:00
1222,Tuas South Avenue 3,1.29377,103.61843,0.0,2025-03-30 22:50:00
1223,Upper Changi Road North,1.3678,103.9826,0.0,2025-03-30 22:50:00
1224,Upper Peirce Reservoir Park,1.37,103.805,0.0,2025-03-30 22:50:00
1225,Upper Thomson Road,1.3701,103.8271,0.0,2025-03-30 22:50:00
1226,West Coast Highway,1.281,103.754,0.0,2025-03-30 22:50:00
1227,West Coast Road,1.30167,103.76444,0.0,2025-03-30 22:50:00
1228,Woodlands Avenue 9,1.44387,103.78538,0.0,2025-03-30 22:50:00
1229,Woodlands Centre,1.44003,103.76904,0.0,2025-03-30 22:50:00
1230,Woodlands Drive 62,1.43944,103.80389,0.0,2025-03-30 22:50:00
1231,Yio Chu Kang Road,1.37999,103.87643,0.0,2025-03-30 22:50:00
1232,Yishun Ring Road,1.42111,103.84472,0.0,2025-03-30 22:50:00
1233,Airport Boulevard,1.34392,103.98409,0.0,2025-03-30 23:50:00
1234,Alexandra Road,1.2937,103.8125,0.0,2025-03-30 23:50:00
1235,Ang Mo Kio Avenue 10,1.36019,103.85335,0.0,2025-03-30 23:50:00
1236,Ang Mo Kio Avenue 5,1.3764,103.8492,0.0,2025-03-30 23:50:00
1237,Banyan Road,1.256,103.679,0.0,2025-03-30 23:50:00
1238,Bishan Street 13,1.35041,103.85526,0.0,2025-03-30 23:50:00
1239,Bukit Batok Street 34,1.36491,103.75065,0.0,2025-03-30 23:50:00
1240,Bukit Panjang Road,1.3824,103.7603,0.0,2025-03-30 23:50:00
1241,Bukit Timah Road,1.3191,103.8191,0.0,2025-03-30 23:50:00
1242,Changi East Close,1.3136,104.00317,0.0,2025-03-30 23:50:00
1243,Clementi Park,1.32311,103.76714,0.0,2025-03-30 23:50:00
1244,Clementi Road,1.3337,103.7768,0.0,2025-03-30 23:50:00
1245,Compassvale Lane,1.38666,103.89797,0.0,2025-03-30 23:50:00
1246,Coronation Walk,1.32427,103.8097,0.0,2025-03-30 23:50:00
1247,East Coast Parkway,1.3135,103.9625,0.0,2025-03-30 23:50:00
1248,Geylang East Central,1.32785,103.88899,0.0,2025-03-30 23:50:00
1249,Henderson Road,1.28987,103.82364,0.0,2025-03-30 23:50:00
1250,Hougang Avenue 1,1.35691,103.89088,0.0,2025-03-30 23:50:00
1251,Jurong Pier Road,1.3081,103.71,0.0,2025-03-30 23:50:00
1252,Jurong West Street 42,1.35167,103.72195,0.0,2025-03-30 23:50:00
1253,Jurong West Street 73,1.34703,103.70073,0.0,2025-03-30 23:50:00
1254,Kent Ridge Road,1.2923,103.7815,0.0,2025-03-30 23:50:00
1255,Kim Chuan Road,1.3399,103.8878,0.0,2025-03-30 23:50:00
1256,Kranji Road,1.42918,103.75711,0.0,2025-03-30 23:50:00
1257,Kranji Way,1.4387,103.7363,0.0,2025-03-30 23:50:00
1258,Lim Chu Kang Road,1.43854,103.70131,0.0,2025-03-30 23:50:00
1259,Lornie Road,1.3415,103.8334,0.0,2025-03-30 23:50:00
1260,Malan Road,1.27472,103.80389,0.0,2025-03-30 23:50:00
1261,Mandai Lake Road,1.4044,103.78962,0.0,2025-03-30 23:50:00
1262,Margaret Drive,1.29984,103.80264,0.0,2025-03-30 23:50:00
1263,Marine Parade Road,1.30648,103.9104,0.0,2025-03-30 23:50:00
1264,Nicoll Highway,1.30105,103.8666,0.0,2025-03-30 23:50:00
1265,Old Choa Chu Kang Road,1.37288,103.72244,0.0,2025-03-30 23:50:00
1266,Pasir Panjang,1.29164,103.7702,0.0,2025-03-30 23:50:00
1267,Pasir Ris Drive 12,1.387,103.935,0.0,2025-03-30 23:50:00
1268,Pasir Ris Street 51,1.3662,103.9528,0.0,2025-03-30 23:50:00
1269,Poole Road,1.30703,103.89067,0.0,2025-03-30 23:50:00
1270,Pulau Ubin,1.4168,103.9673,0.0,2025-03-30 23:50:00
1271,Punggol Central,1.4029,103.9092,0.0,2025-03-30 23:50:00
1272,Scotts Road,1.31055,103.8365,0.0,2025-03-30 23:50:00
1273,Seletar Aerospace View,1.41284,103.86922,0.0,2025-03-30 23:50:00
1274,Sentosa,1.25,103.8279,0.0,2025-03-30 23:50:00
1275,Simei Avenue,1.3437,103.9444,0.0,2025-03-30 23:50:00
1276,Somerset Road,1.3004,103.8372,0.0,2025-03-30 23:50:00
1277,South Buona Vista Road,1.2841,103.7886,0.0,2025-03-30 23:50:00
1278,Tanjong Rhu,1.29911,103.88289,0.0,2025-03-30 23:50:00
1279,Toa Payoh North,1.3427,103.8482,0.0,2025-03-30 23:50:00
1280,Towner Road,1.3214,103.8577,0.0,2025-03-30 23:50:00
1281,Tuas South Avenue 3,1.29377,103.61843,0.0,2025-03-30 23:50:00
1282,Upper Changi Road North,1.3678,103.9826,0.0,2025-03-30 23:50:00
1283,Upper Peirce Reservoir Park,1.37,103.805,0.0,2025-03-30 23:50:00
1284,Upper Thomson Road,1.3701,103.8271,0.0,2025-03-30 23:50:00
1285,West Coast Highway,1.281,103.754,0.0,2025-03-30 23:50:00
1286,West Coast Road,1.30167,103.76444,0.0,2025-03-30 23:50:00
1287,Woodlands Avenue 9,1.44387,103.78538,0.0,2025-03-30 23:50:00
1288,Woodlands Centre,1.44003,103.76904,0.0,2025-03-30 23:50:00
1289,Woodlands Drive 62,1.43944,103.80389,0.0,2025-03-30 23:50:00
1290,Yio Chu Kang Road,1.37999,103.87643,0.0,2025-03-30 23:50:00
1291,Yishun Ring Road,1.42111,103.84472,0.0,2025-03-30 23:50:00
1292,Airport Boulevard,1.34392,103.98409,0.0,2025-03-31 00:50:00
1293,Alexandra Road,1.2937,103.8125,0.0,2025-03-31 00:50:00
1294,Ang Mo Kio Avenue 10,1.36019,103.85335,0.0,2025-03-31 00:50:00
1295,Ang Mo Kio Avenue 5,1.3764,103.8492,0.0,2025-03-31 00:50:00
1296,Banyan Road,1.256,103.679,0.0,2025-03-31 00:50:00
1297,Bishan Street 13,1.35041,103.85526,0.0,2025-03-31 00:50:00
1298,Bukit Panjang Road,1.3824,103.7603,0.0,2025-03-31 00:50:00
1299,Bukit Timah Road,1.3191,103.8191,0.0,2025-03-31 00:50:00
1300,Changi East Close,1.3136,104.00317,0.0,2025-03-31 00:50:00
1301,Clementi Park,1.32311,103.76714,0.0,2025-03-31 00:50:00
1302,Clementi Road,1.3337,103.7768,0.0,2025-03-31 00:50:00
1303,Compassvale Lane,1.38666,103.89797,0.0,2025-03-31 00:50:00
1304,Coronation Walk,1.32427,103.8097,0.0,2025-03-31 00:50:00
1305,East Coast Parkway,1.3135,103.9625,0.0,2025-03-31 00:50:00
1306,Geylang East Central,1.32785,103.88899,0.0,2025-03-31 00:50:00
1307,Henderson Road,1.28987,103.82364,0.0,2025-03-31 00:50:00
1308,Hougang Avenue 1,1.35691,103.89088,0.0,2025-03-31 00:50:00
1309,Jurong Pier Road,1.3081,103.71,0.0,2025-03-31 00:50:00
1310,Jurong West Street 42,1.35167,103.72195,0.0,2025-03-31 00:50:00
1311,Jurong West Street 73,1.34703,103.70073,0.0,2025-03-31 00:50:00
1312,Kent Ridge Road,1.2923,103.7815,0.0,2025-03-31 00:50:00
1313,Kim Chuan Road,1.3399,103.8878,0.0,2025-03-31 00:50:00
1314,Kranji Road,1.42918,103.75711,0.0,2025-03-31 00:50:00
1315,Kranji Way,1.4387,103.7363,0.0,2025-03-31 00:50:00
1316,Lim Chu Kang Road,1.43854,103.70131,0.0,2025-03-31 00:50:00
1317,Lornie Road,1.3415,103.8334,0.0,2025-03-31 00:50:00
1318,Malan Road,1.27472,103.80389,0.0,2025-03-31 00:50:00
1319,Mandai Lake Road,1.4044,103.78962,0.0,2025-03-31 00:50:00
1320,Margaret Drive,1.29984,103.80264,0.0,2025-03-31 00:50:00
1321,Marine Parade Road,1.30648,103.9104,0.0,2025-03-31 00:50:00
1322,Nicoll Highway,1.30105,103.8666,0.0,2025-03-31 00:50:00
1323,Old Choa Chu Kang Road,1.37288,103.72244,0.0,2025-03-31 00:50:00
1324,Pasir Panjang,1.29164,103.7702,0.0,2025-03-31 00:50:00
1325,Pasir Ris Drive 12,1.387,103.935,0.0,2025-03-31 00:50:00
1326,Pasir Ris Street 51,1.3662,103.9528,0.0,2025-03-31 00:50:00
1327,Poole Road,1.30703,103.89067,0.0,2025-03-31 00:50:00
1328,Pulau Ubin,1.4168,103.9673,0.0,2025-03-31 00:50:00
1329,Punggol Central,1.4029,103.9092,0.0,2025-03-31 00:50:00
1330,Scotts Road,1.31055,103.8365,0.0,2025-03-31 00:50:00
1331,Seletar Aerospace View,1.41284,103.86922,0.0,2025-03-31 00:50:00
1332,Sentosa,1.25,103.8279,0.0,2025-03-31 00:50:00
1333,Simei Avenue,1.3437,103.9444,0.0,2025-03-31 00:50:00
1334,Somerset Road,1.3004,103.8372,0.0,2025-03-31 00:50:00
1335,South Buona Vista Road,1.2841,103.7886,0.0,2025-03-31 00:50:00
1336,Tanjong Rhu,1.29911,103.88289,0.0,2025-03-31 00:50:00
1337,Toa Payoh North,1.3427,103.8482,0.0,2025-03-31 00:50:00
1338,Towner Road,1.3214,103.8577,0.0,2025-03-31 00:50:00
1339,Tuas South Avenue 3,1.29377,103.61843,0.0,2025-03-31 00:50:00
1340,Upper Changi Road North,1.3678,103.9826,0.0,2025-03-31 00:50:00
1341,Upper Peirce Reservoir Park,1.37,103.805,0.0,2025-03-31 00:50:00
1342,Upper Thomson Road,1.3701,103.8271,0.0,2025-03-31 00:50:00
1343,West Coast Highway,1.281,103.754,0.0,2025-03-31 00:50:00
1344,West Coast Road,1.30167,103.76444,0.0,2025-03-31 00:50:00
1345,Woodlands Avenue 9,1.44387,103.78538,0.0,2025-03-31 00:50:00
1346,Woodlands Centre,1.44003,103.76904,0.0,2025-03-31 00:50:00
1347,Woodlands Drive 62,1.43944,103.80389,0.0,2025-03-31 00:50:00
1348,Yio Chu Kang Road,1.37999,103.87643,0.0,2025-03-31 00:50:00
1349,Yishun Ring Road,1.42111,103.84472,0.0,2025-03-31 00:50:00
