longitude,latitude,junction_type,num_roads,connected_road_indices
103.830847,1.30386,X Shape,4,"[59, 285, 2395, 2396]"
103.834836,1.300409,X Shape,4,"[60, 92, 1567, 1700]"
103.830495,1.303262,T Shape,3,"[61, 707, 2396]"
103.841347,1.295474,X Shape,4,"[62, 1189, 3158, 3544]"
103.841188,1.295659,T Shape,3,"[62, 692, 2612]"
103.842845,1.291633,T Shape,3,"[63, 177, 4057]"
103.842213,1.291972,X Shape,4,"[64, 2894, 3181, 3420]"
103.842071,1.291711,T Shape,3,"[64, 4061, 5866]"
103.838379,1.290228,T Shape,3,"[66, 178, 5235]"
103.843357,1.289581,T Shape,3,"[67, 3217, 3218]"
103.841272,1.288609,X Shape,4,"[68, 103, 304, 674]"
103.841478,1.288984,T Shape,3,"[68, 219, 671]"
103.842196,1.290145,X Shape,4,"[69, 337, 2387, 2388]"
103.842396,1.290036,T Shape,3,"[69, 465, 4747]"
103.844716,1.288507,T Shape,3,"[70, 3215, 3216]"
103.848398,1.297693,T Shape,3,"[72, 1717, 3227]"
103.832287,1.304784,T Shape,3,"[73, 94, 1732]"
103.822712,1.304986,Crossing,4,"[74, 640, 1544, 2030]"
103.837947,1.29782,T Shape,3,"[75, 1799, 2723]"
103.835822,1.300067,T Shape,3,"[76, 1797, 3895]"
103.835545,1.300158,T Shape,3,"[76, 106, 2543]"
103.838102,1.299527,T Shape,3,"[77, 2702, 2793]"
103.837969,1.299556,T Shape,3,"[77, 1801, 2701]"
103.843325,1.291475,T Shape,3,"[78, 3414, 3415]"
103.848755,1.290952,T Shape,3,"[81, 1511, 2631]"
103.848971,1.291,X Shape,4,"[81, 1512, 2568, 2662]"
103.848186,1.290114,Crossing,4,"[82, 173, 489, 2393]"
103.848258,1.290204,Crossing,4,"[82, 298, 656, 1510]"
103.847718,1.290214,T Shape,3,"[83, 1932, 1933]"
103.849479,1.289413,Other,3,"[84, 1470, 5608]"
103.849267,1.292677,T Shape,3,"[85, 3809, 3918]"
103.84893,1.292856,Crossing,4,"[85, 3809, 3917, 6060]"
103.848712,1.298583,X Shape,4,"[86, 1320, 1393, 2512]"
103.849558,1.297921,X Shape,4,"[86, 300, 629, 2504]"
103.849538,1.299663,T Shape,3,"[87, 971, 3186]"
103.849773,1.294962,T Shape,3,"[88, 1202, 2561]"
103.848926,1.297288,X Shape,4,"[89, 124, 1716, 2507]"
103.848742,1.297441,T Shape,3,"[89, 492, 3136]"
103.847477,1.298316,T Shape,3,"[90, 1321, 4377]"
103.839059,1.300318,T Shape,3,"[91, 3868, 6374]"
103.83509,1.300872,T Shape,3,"[92, 355, 636]"
103.826206,1.303449,X Shape,4,"[93, 1723, 2482, 3582]"
103.848364,1.290087,Crossing,4,"[96, 489, 1199, 1412]"
103.847988,1.288958,T Shape,3,"[97, 2985, 4350]"
103.847942,1.288997,T Shape,3,"[97, 3460, 4923]"
103.848199,1.287872,T Shape,3,"[98, 2216, 4837]"
103.848426,1.28763,T Shape,3,"[98, 1499, 5514]"
103.848166,1.287167,T Shape,3,"[99, 1472, 1499]"
103.847868,1.287251,T Shape,3,"[99, 120, 4839]"
103.846,1.287482,X Shape,4,"[100, 659, 2020, 3214]"
103.846153,1.287376,X Shape,4,"[100, 664, 666, 1625]"
103.849472,1.285502,T Shape,3,"[101, 134, 2564]"
103.849258,1.285617,T Shape,3,"[101, 2566, 4070]"
103.845267,1.287826,T Shape,3,"[102, 216, 662]"
103.841363,1.288563,X Shape,4,"[103, 147, 653, 1594]"
103.846912,1.28503,X Shape,4,"[104, 922, 1474, 2542]"
103.836536,1.300902,T Shape,3,"[105, 1073, 1356]"
103.836381,1.300738,T Shape,3,"[105, 1355, 1357]"
103.835077,1.300313,T Shape,3,"[106, 125, 1700]"
103.83748,1.30195,X Shape,4,"[107, 1266, 4823, 4862]"
103.835917,1.302825,X Shape,4,"[108, 1267, 1735, 2556]"
103.842491,1.287386,T Shape,3,"[109, 667, 5693]"
103.828361,1.285868,X Shape,4,"[111, 1981, 1982, 3243]"
103.82834,1.286583,T Shape,3,"[112, 4598, 4599]"
103.8278,1.286699,T Shape,3,"[112, 3928, 3930]"
103.830963,1.287216,T Shape,3,"[113, 322, 4588]"
103.826315,1.290619,X Shape,4,"[114, 116, 140, 1720]"
103.826586,1.290604,T Shape,3,"[114, 890, 4769]"
103.840774,1.288662,T Shape,3,"[115, 218, 2532]"
103.840195,1.289038,T Shape,3,"[115, 1654, 3281]"
103.826305,1.290502,X Shape,4,"[116, 294, 642, 881]"
103.831953,1.295061,T Shape,3,"[117, 2609, 4045]"
103.833646,1.285414,T Shape,3,"[118, 2035, 3142]"
103.83343,1.285637,T Shape,3,"[118, 950, 2036]"
103.833652,1.285593,X Shape,4,"[119, 408, 2035, 2036]"
103.833656,1.286142,Crossing,4,"[119, 886, 3157, 3193]"
103.84751,1.286662,T Shape,3,"[120, 2670, 3455]"
103.847388,1.296909,T Shape,3,"[121, 3825, 4082]"
103.835316,1.301291,Crossing,4,"[122, 636, 3692, 3771]"
103.835268,1.301569,T Shape,3,"[122, 351, 364]"
103.83364,1.302895,T Shape,3,"[123, 2815, 4017]"
103.833412,1.302838,T Shape,3,"[123, 1701, 2750]"
103.84835,1.29732,T Shape,3,"[124, 492, 2502]"
103.834704,1.300056,T Shape,3,"[125, 4892, 5388]"
103.848415,1.286214,T Shape,3,"[127, 1500, 4143]"
103.8463,1.291077,T Shape,3,"[129, 3230, 4922]"
103.844834,1.290703,T Shape,3,"[130, 3781, 5942]"
103.848891,1.285822,T Shape,3,"[133, 2563, 2566]"
103.848721,1.285472,T Shape,3,"[133, 380, 2567]"
103.849578,1.285632,X Shape,4,"[134, 1247, 1500, 4327]"
103.833078,1.293081,T Shape,3,"[136, 2608, 4471]"
103.832576,1.292473,T Shape,3,"[136, 2641, 3957]"
103.82612,1.290501,X Shape,4,"[138, 294, 969, 1109]"
103.825679,1.29051,T Shape,3,"[138, 891, 968]"
103.831429,1.295938,X Shape,4,"[139, 1107, 2637, 2638]"
103.826262,1.290998,T Shape,3,"[140, 890, 2021]"
103.822592,1.288249,Crossing,4,"[141, 650, 3503, 3504]"
103.822666,1.288616,T Shape,3,"[143, 1924, 2698]"
103.845617,1.286315,T Shape,3,"[144, 413, 2394]"
103.845894,1.286159,T Shape,3,"[144, 4727, 4732]"
103.845211,1.286551,X Shape,4,"[145, 1465, 1929, 3137]"
103.845373,1.28645,X Shape,4,"[145, 1682, 1928, 2394]"
103.847168,1.285454,X Shape,4,"[146, 1473, 2542, 4934]"
103.847471,1.285283,T Shape,3,"[146, 4947, 5532]"
103.841215,1.288249,X Shape,4,"[147, 651, 1669, 2038]"
103.838331,1.286086,T Shape,3,"[149, 225, 2407]"
103.838423,1.286026,T Shape,3,"[150, 689, 1597]"
103.833668,1.285382,X Shape,4,"[152, 2496, 2645, 3142]"
103.832778,1.285266,T Shape,3,"[153, 2013, 4650]"
103.837927,1.285957,X Shape,4,"[154, 370, 1611, 1706]"
103.837883,1.286038,X Shape,4,"[154, 384, 2014, 3519]"
103.837486,1.287397,T Shape,3,"[155, 2572, 2836]"
103.843157,1.30095,T Shape,3,"[156, 202, 4679]"
103.84328,1.300956,X Shape,4,"[156, 226, 1372, 2523]"
103.849102,1.288748,O Shape,5,"[158, 1430, 1431, 6214, 6215]"
103.839982,1.286558,T Shape,3,"[159, 4942, 5061]"
103.841113,1.286569,T Shape,3,"[160, 920, 2846]"
103.841734,1.286728,T Shape,3,"[160, 2075, 2855]"
103.842327,1.286705,T Shape,3,"[161, 1667, 1668]"
103.842016,1.286941,T Shape,3,"[161, 1157, 4943]"
103.838707,1.290973,T Shape,3,"[162, 1467, 1506]"
103.821848,1.301193,T Shape,3,"[164, 814, 3912]"
103.822101,1.301332,T Shape,3,"[164, 3078, 3911]"
103.848146,1.299407,Other,3,"[165, 1381, 1384]"
103.846068,1.29996,Crossing,4,"[166, 484, 1325, 4387]"
103.846014,1.299755,T Shape,3,"[166, 1323, 4292]"
103.844592,1.299488,T Shape,3,"[167, 286, 3276]"
103.844748,1.299291,Crossing,4,"[167, 232, 1311, 1312]"
103.842994,1.299265,T Shape,3,"[168, 2518, 4742]"
103.84295,1.300042,X Shape,4,"[168, 638, 643, 1724]"
103.841598,1.299732,X Shape,4,"[169, 3239, 3278, 4756]"
103.841691,1.299894,T Shape,3,"[169, 4389, 4755]"
103.849752,1.304626,T Shape,3,"[171, 3531, 4885]"
103.847984,1.289883,T Shape,3,"[172, 1934, 1935]"
103.847678,1.289216,T Shape,3,"[174, 1937, 4923]"
103.842319,1.290652,T Shape,3,"[176, 463, 466]"
103.837752,1.288767,T Shape,3,"[179, 1047, 1468]"
103.83781,1.288941,X Shape,4,"[179, 1645, 1650, 2041]"
103.832433,1.291447,T Shape,3,"[180, 1678, 4748]"
103.83374,1.291881,T Shape,3,"[182, 2509, 4731]"
103.842463,1.298296,T Shape,3,"[183, 1079, 4788]"
103.842235,1.298627,T Shape,3,"[183, 742, 4791]"
103.845922,1.298022,T Shape,3,"[185, 3192, 5583]"
103.828249,1.297002,T Shape,3,"[186, 1101, 4546]"
103.828982,1.296852,T Shape,3,"[186, 1909, 3041]"
103.828331,1.292996,T Shape,3,"[187, 2130, 2921]"
103.83952,1.304697,T Shape,3,"[189, 4107, 4108]"
103.839514,1.30331,T Shape,3,"[189, 747, 4106]"
103.837763,1.30356,T Shape,3,"[190, 2520, 3891]"
103.838656,1.303264,T Shape,3,"[192, 2519, 3348]"
103.838661,1.303293,T Shape,3,"[192, 3399, 4267]"
103.839052,1.301297,T Shape,3,"[193, 1286, 1334]"
103.839144,1.30193,T Shape,3,"[193, 3347, 3938]"
103.837705,1.30236,T Shape,3,"[194, 3889, 3890]"
103.837849,1.302314,T Shape,3,"[194, 4006, 6402]"
103.834701,1.30435,Crossing,4,"[198, 2529, 4445, 4603]"
103.840068,1.300918,T Shape,3,"[199, 2551, 3209]"
103.840285,1.30159,T Shape,3,"[199, 1287, 3003]"
103.841534,1.302199,T Shape,3,"[200, 4764, 5228]"
103.841509,1.301741,X Shape,4,"[200, 2465, 3039, 4703]"
103.841276,1.301813,T Shape,3,"[201, 205, 2465]"
103.841568,1.302646,T Shape,3,"[204, 1753, 4761]"
103.832532,1.30473,T Shape,3,"[207, 1026, 2499]"
103.841337,1.299057,X Shape,4,"[208, 3210, 3827, 3894]"
103.841501,1.299521,X Shape,4,"[208, 4449, 4451, 4452]"
103.840682,1.299287,T Shape,3,"[209, 1530, 3210]"
103.845965,1.297403,T Shape,3,"[210, 2037, 3225]"
103.845407,1.297241,T Shape,3,"[210, 3047, 4914]"
103.844166,1.286547,T Shape,3,"[212, 4928, 4931]"
103.844304,1.286728,T Shape,3,"[212, 725, 2582]"
103.832318,1.299592,T Shape,3,"[213, 2622, 3786]"
103.831526,1.298834,T Shape,3,"[213, 4083, 4098]"
103.833772,1.298246,T Shape,3,"[215, 4955, 4957]"
103.833544,1.29756,T Shape,3,"[215, 5794, 5796]"
103.842053,1.289118,T Shape,3,"[217, 468, 469]"
103.840946,1.287988,T Shape,3,"[218, 1612, 4656]"
103.840943,1.288799,T Shape,3,"[219, 674, 2531]"
103.842578,1.289751,T Shape,3,"[220, 1619, 4623]"
103.842654,1.289878,T Shape,3,"[220, 1618, 4747]"
103.840813,1.287747,T Shape,3,"[222, 462, 4664]"
103.844888,1.288322,T Shape,3,"[223, 1930, 3216]"
103.841533,1.289168,T Shape,3,"[224, 470, 3248]"
103.84326,1.30086,X Shape,4,"[226, 4678, 4680, 4681]"
103.843106,1.300701,T Shape,3,"[227, 1317, 2555]"
103.83447,1.303756,T Shape,3,"[228, 5272, 5366]"
103.834383,1.303805,T Shape,3,"[229, 5275, 5366]"
103.833264,1.304247,T Shape,3,"[230, 2546, 3191]"
103.833343,1.304287,Other,3,"[230, 1032, 4975]"
103.844698,1.299242,T Shape,3,"[232, 235, 746]"
103.843329,1.299771,T Shape,3,"[235, 1308, 1336]"
103.843822,1.299748,T Shape,3,"[239, 761, 3276]"
103.837532,1.301793,Crossing,4,"[242, 264, 439, 1282]"
103.836704,1.303499,X Shape,4,"[243, 3832, 4068, 4854]"
103.848857,1.301724,T Shape,3,"[247, 340, 3486]"
103.848935,1.30197,X Shape,4,"[247, 1527, 3765, 3769]"
103.847463,1.301838,T Shape,3,"[248, 1531, 2275]"
103.843901,1.29682,T Shape,3,"[249, 3222, 3224]"
103.849877,1.298302,T Shape,3,"[250, 3237, 6329]"
103.849551,1.298738,T Shape,3,"[250, 251, 1396]"
103.841987,1.294454,T Shape,3,"[253, 1188, 2769]"
103.842123,1.294099,X Shape,4,"[254, 1048, 3402, 3406]"
103.849165,1.291396,T Shape,3,"[255, 2568, 2635]"
103.821073,1.294851,T Shape,3,"[256, 3844, 5486]"
103.822222,1.29512,X Shape,4,"[257, 2811, 2909, 3536]"
103.822005,1.296629,T Shape,3,"[257, 259, 3112]"
103.825353,1.299454,T Shape,3,"[258, 1076, 4536]"
103.825206,1.299504,T Shape,3,"[258, 2244, 4535]"
103.821616,1.297722,T Shape,3,"[260, 5375, 5376]"
103.822134,1.296825,X Shape,4,"[261, 2910, 3112, 5380]"
103.849287,1.28619,T Shape,3,"[262, 3122, 4388]"
103.847756,1.286419,O Shape,5,"[263, 1050, 1453, 1471, 5935]"
103.847334,1.286647,T Shape,3,"[263, 2687, 3451]"
103.838921,1.290276,T Shape,3,"[265, 1179, 1180]"
103.838859,1.290128,T Shape,3,"[265, 2893, 4551]"
103.838941,1.291747,T Shape,3,"[266, 2163, 2164]"
103.838473,1.291622,Crossing,4,"[266, 1123, 2043, 2044]"
103.837354,1.291352,T Shape,3,"[267, 1183, 3037]"
103.838904,1.294044,T Shape,3,"[268, 2986, 4671]"
103.843747,1.29556,T Shape,3,"[269, 477, 479]"
103.822573,1.28559,X Shape,4,"[270, 2839, 3506, 4583]"
103.834384,1.304726,T Shape,3,"[271, 2528, 4564]"
103.824876,1.293421,X Shape,4,"[272, 2797, 3572, 4490]"
103.825331,1.293831,T Shape,3,"[272, 2098, 2866]"
103.845644,1.298122,T Shape,3,"[273, 353, 5583]"
103.844883,1.298358,T Shape,3,"[273, 353, 5582]"
103.823496,1.303382,T Shape,3,"[274, 2704, 2874]"
103.823504,1.303838,T Shape,3,"[274, 1727, 2349]"
103.823488,1.302433,T Shape,3,"[275, 695, 2537]"
103.825373,1.286264,X Shape,4,"[277, 631, 755, 2480]"
103.825326,1.285849,T Shape,3,"[277, 545, 4565]"
103.849669,1.289627,T Shape,3,"[278, 986, 1469]"
103.849535,1.28943,Other,3,"[278, 1428, 1470]"
103.825915,1.303236,T Shape,3,"[280, 2482, 6349]"
103.847532,1.298316,T Shape,3,"[281, 4377, 4383]"
103.822246,1.288424,T Shape,3,"[282, 1239, 4400]"
103.829954,1.299161,X Shape,4,"[283, 1052, 1695, 1696]"
103.829893,1.299291,X Shape,4,"[283, 1685, 2484, 2594]"
103.830071,1.299381,X Shape,4,"[284, 1685, 2483, 2767]"
103.830126,1.299261,X Shape,4,"[284, 1693, 1695, 2727]"
103.830678,1.303956,X Shape,4,"[285, 288, 1690, 2541]"
103.832128,1.302945,T Shape,3,"[287, 2831, 3676]"
103.831798,1.30322,T Shape,3,"[287, 802, 2688]"
103.830144,1.304272,Crossing,4,"[289, 430, 623, 2540]"
103.829671,1.304488,Crossing,4,"[289, 431, 2539, 5398]"
103.835072,1.28896,T Shape,3,"[290, 403, 2583]"
103.835071,1.288663,T Shape,3,"[290, 704, 2516]"
103.833296,1.29004,Crossing,4,"[291, 292, 889, 1643]"
103.832907,1.290802,T Shape,3,"[292, 1238, 1678]"
103.835051,1.289287,Crossing,4,"[293, 883, 2478, 2583]"
103.843688,1.293099,X Shape,4,"[295, 296, 1589, 2392]"
103.843799,1.293038,X Shape,4,"[295, 1591, 1616, 2625]"
103.843636,1.293004,X Shape,4,"[296, 648, 2511, 4058]"
103.849176,1.291758,X Shape,4,"[297, 2410, 2632, 3472]"
103.849531,1.292538,O Shape,5,"[297, 1623, 2203, 3194, 3918]"
103.844475,1.298475,O Shape,5,"[299, 1312, 3437, 4685, 5582]"
103.843875,1.285003,X Shape,4,"[301, 303, 1954, 4113]"
103.84113,1.288328,X Shape,4,"[304, 651, 1612, 2532]"
103.828668,1.296527,Other,3,"[305, 1191, 5400]"
103.827127,1.296002,T Shape,3,"[306, 5182, 5479]"
103.839742,1.290261,T Shape,3,"[308, 2373, 5725]"
103.840187,1.289975,T Shape,3,"[308, 1185, 5726]"
103.849394,1.292425,T Shape,3,"[309, 5064, 5138]"
103.847235,1.29072,T Shape,3,"[309, 4991, 4993]"
103.846938,1.290556,Other,3,"[310, 490, 6334]"
103.835497,1.297908,T Shape,3,"[312, 4097, 4799]"
103.835557,1.298016,T Shape,3,"[312, 1063, 1085]"
103.837187,1.296881,T Shape,3,"[313, 2240, 5810]"
103.837278,1.296365,Crossing,4,"[313, 2242, 3586, 5979]"
103.845788,1.289015,X Shape,4,"[314, 3638, 5561, 5681]"
103.828303,1.295492,T Shape,3,"[315, 2941, 2992]"
103.8479,1.295156,X Shape,4,"[316, 610, 617, 3049]"
103.848992,1.295795,T Shape,3,"[317, 1873, 3802]"
103.829723,1.287381,T Shape,3,"[320, 2338, 3972]"
103.830791,1.287443,T Shape,3,"[321, 322, 1043]"
103.830954,1.287914,T Shape,3,"[321, 5480, 5507]"
103.82727,1.28775,T Shape,3,"[323, 3104, 4032]"
103.825467,1.288127,T Shape,3,"[324, 1548, 2508]"
103.825567,1.28812,X Shape,4,"[324, 1554, 2005, 2571]"
103.827449,1.287649,X Shape,4,"[325, 1140, 3566, 4821]"
103.829821,1.286521,T Shape,3,"[326, 3831, 4841]"
103.829893,1.286424,T Shape,3,"[326, 4190, 4632]"
103.830009,1.287149,X Shape,4,"[328, 4800, 4801, 5833]"
103.83047,1.286432,X Shape,4,"[329, 330, 1156, 5836]"
103.848924,1.289781,T Shape,3,"[331, 1411, 1412]"
103.847923,1.290046,O Shape,5,"[333, 334, 4981, 5548, 5597]"
103.845095,1.289501,T Shape,3,"[334, 985, 1219]"
103.84847,1.289949,T Shape,3,"[335, 5728, 5730]"
103.844159,1.298592,T Shape,3,"[336, 645, 3143]"
103.842339,1.290411,T Shape,3,"[338, 464, 1592]"
103.847629,1.30374,X Shape,4,"[339, 3561, 5344, 5345]"
103.846816,1.304276,T Shape,3,"[339, 457, 3120]"
103.845946,1.304845,T Shape,3,"[341, 764, 3766]"
103.848504,1.304821,T Shape,3,"[342, 2061, 4261]"
103.838094,1.292793,T Shape,3,"[343, 4784, 5690]"
103.82832,1.298158,T Shape,3,"[344, 4091, 4092]"
103.843214,1.296313,T Shape,3,"[345, 743, 3064]"
103.840289,1.297078,T Shape,3,"[346, 4795, 4825]"
103.845327,1.297201,T Shape,3,"[347, 352, 4915]"
103.83706,1.298912,T Shape,3,"[348, 6161, 6163]"
103.837577,1.299076,T Shape,3,"[348, 2709, 2710]"
103.844813,1.296458,T Shape,3,"[349, 614, 3115]"
103.843817,1.295368,T Shape,3,"[350, 479, 4752]"
103.843684,1.295268,T Shape,3,"[350, 477, 3423]"
103.835511,1.301661,T Shape,3,"[351, 637, 4062]"
103.844548,1.296562,T Shape,3,"[352, 614, 4913]"
103.840108,1.298123,T Shape,3,"[354, 3109, 3110]"
103.836126,1.300472,T Shape,3,"[355, 635, 1357]"
103.833941,1.299922,T Shape,3,"[356, 3877, 3878]"
103.843852,1.296109,T Shape,3,"[357, 2466, 4920]"
103.84332,1.296592,T Shape,3,"[357, 3064, 4911]"
103.830022,1.298561,T Shape,3,"[359, 1052, 1683]"
103.829582,1.298972,T Shape,3,"[359, 1696, 2053]"
103.839714,1.298357,T Shape,3,"[360, 2876, 3111]"
103.847777,1.296327,Other,3,"[361, 608, 616]"
103.84788,1.296398,T Shape,3,"[361, 3172, 3226]"
103.840946,1.295915,X Shape,4,"[362, 1957, 1959, 2602]"
103.840299,1.298026,T Shape,3,"[363, 3109, 4718]"
103.835146,1.301645,T Shape,3,"[364, 4014, 4065]"
103.836608,1.304419,T Shape,3,"[366, 2524, 2526]"
103.837232,1.304433,T Shape,3,"[366, 2522, 3893]"
103.842322,1.29693,T Shape,3,"[367, 1077, 1078]"
103.842411,1.296876,T Shape,3,"[367, 5773, 5783]"
103.837953,1.285911,T Shape,3,"[370, 1607, 1705]"
103.838399,1.285877,T Shape,3,"[371, 1606, 2536]"
103.842135,1.289502,T Shape,3,"[372, 373, 657]"
103.833673,1.292211,T Shape,3,"[374, 977, 5723]"
103.835524,1.292126,T Shape,3,"[374, 1496, 3758]"
103.84881,1.288041,T Shape,3,"[375, 4330, 5392]"
103.848877,1.287341,T Shape,3,"[375, 2895, 3066]"
103.849738,1.286487,T Shape,3,"[376, 1451, 3750]"
103.849485,1.286319,X Shape,4,"[376, 1505, 3122, 4316]"
103.848441,1.286048,T Shape,3,"[379, 1453, 2563]"
103.848155,1.285751,T Shape,3,"[379, 380, 2679]"
103.839092,1.288416,Crossing,4,"[382, 390, 906, 936]"
103.837197,1.289078,T Shape,3,"[383, 3284, 3301]"
103.836857,1.289083,T Shape,3,"[383, 3283, 5030]"
103.837305,1.288722,T Shape,3,"[385, 1035, 3285]"
103.840233,1.285093,T Shape,3,"[386, 1056, 1068]"
103.839125,1.288794,T Shape,3,"[390, 939, 3285]"
103.82604,1.292736,T Shape,3,"[391, 5618, 5620]"
103.82599,1.292537,T Shape,3,"[391, 875, 6067]"
103.83213,1.290416,T Shape,3,"[393, 1638, 1642]"
103.832136,1.290816,T Shape,3,"[393, 1163, 2788]"
103.834544,1.286147,T Shape,3,"[394, 405, 2808]"
103.834601,1.285909,T Shape,3,"[394, 2650, 3386]"
103.826694,1.290236,X Shape,4,"[395, 4229, 4512, 5491]"
103.829651,1.290914,T Shape,3,"[396, 2634, 4868]"
103.832138,1.290317,T Shape,3,"[397, 855, 2660]"
103.83149,1.289397,T Shape,3,"[398, 2119, 2786]"
103.834974,1.287308,T Shape,3,"[399, 583, 2651]"
103.83489,1.286914,T Shape,3,"[399, 2359, 3249]"
103.848461,1.297054,T Shape,3,"[400, 3697, 3744]"
103.848084,1.297381,T Shape,3,"[400, 491, 2502]"
103.822935,1.304974,T Shape,3,"[401, 1729, 2093]"
103.822787,1.304909,X Shape,4,"[401, 640, 649, 2028]"
103.835762,1.287992,X Shape,4,"[402, 3029, 4940, 4941]"
103.835749,1.288284,T Shape,3,"[403, 2677, 3125]"
103.834671,1.286322,Crossing,4,"[404, 405, 407, 1541]"
103.836073,1.288371,X Shape,4,"[406, 2673, 3145, 5005]"
103.836115,1.288075,Crossing,4,"[406, 3029, 3030, 4941]"
103.834845,1.285769,T Shape,3,"[407, 4663, 4939]"
103.834157,1.285813,T Shape,3,"[408, 949, 3220]"
103.825174,1.286377,Other,3,"[410, 2485, 3805]"
103.825231,1.286395,X Shape,4,"[410, 630, 3804, 3806]"
103.84557,1.286683,T Shape,3,"[413, 1479, 1682]"
103.84507,1.28885,X Shape,4,"[415, 419, 1221, 1222]"
103.844157,1.29112,T Shape,3,"[416, 1777, 3731]"
103.843877,1.291299,T Shape,3,"[416, 1775, 1776]"
103.847635,1.289632,T Shape,3,"[417, 1222, 4981]"
103.848005,1.289507,X Shape,4,"[417, 421, 487, 5555]"
103.845122,1.289461,Other,3,"[418, 485, 985]"
103.849337,1.288468,T Shape,3,"[420, 3750, 6000]"
103.848868,1.289114,T Shape,3,"[421, 6212, 6213]"
103.845459,1.300333,T Shape,3,"[422, 424, 4260]"
103.84537,1.300554,X Shape,4,"[422, 1450, 3265, 4260]"
103.847311,1.299272,T Shape,3,"[423, 4380, 6342]"
103.84749,1.299103,T Shape,3,"[423, 1340, 4382]"
103.826863,1.302,T Shape,3,"[425, 2832, 3523]"
103.827753,1.302524,T Shape,3,"[425, 1086, 2592]"
103.829514,1.301849,X Shape,4,"[426, 4905, 6089, 6288]"
103.826686,1.300183,T Shape,3,"[427, 3001, 5247]"
103.828761,1.301723,T Shape,3,"[427, 1088, 3075]"
103.826503,1.301527,T Shape,3,"[428, 1086, 5239]"
103.82579,1.301385,T Shape,3,"[428, 1842, 2955]"
103.829774,1.304095,T Shape,3,"[429, 431, 623]"
103.829078,1.302519,X Shape,4,"[429, 2591, 5104, 5105]"
103.834717,1.29064,T Shape,3,"[433, 1495, 2902]"
103.83475,1.290421,T Shape,3,"[433, 2156, 3761]"
103.829945,1.304776,Crossing,4,"[437, 1867, 3352, 3355]"
103.830029,1.30494,T Shape,3,"[438, 3354, 3355]"
103.837326,1.301916,X Shape,4,"[439, 1270, 1279, 3939]"
103.823118,1.290905,X Shape,4,"[442, 1627, 2391, 3665]"
103.823178,1.291425,T Shape,3,"[442, 3667, 4040]"
103.825904,1.292755,X Shape,4,"[443, 3303, 5443, 5444]"
103.825968,1.292275,X Shape,4,"[445, 2671, 6065, 6301]"
103.831298,1.291955,T Shape,3,"[445, 977, 5724]"
103.825873,1.292249,X Shape,4,"[446, 3135, 6064, 6301]"
103.832255,1.292684,T Shape,3,"[448, 3818, 3819]"
103.832442,1.292797,T Shape,3,"[449, 3818, 3820]"
103.831146,1.294013,X Shape,4,"[451, 3958, 5233, 5461]"
103.831452,1.293198,T Shape,3,"[451, 454, 5209]"
103.832314,1.292435,T Shape,3,"[453, 2641, 2642]"
103.831776,1.292589,T Shape,3,"[454, 455, 2295]"
103.847126,1.304482,T Shape,3,"[456, 2063, 2064]"
103.84751,1.304346,X Shape,4,"[456, 2067, 2068, 2069]"
103.840116,1.288872,T Shape,3,"[459, 908, 937]"
103.848844,1.298616,T Shape,3,"[460, 1394, 5076]"
103.840759,1.287459,T Shape,3,"[461, 4005, 4655]"
103.835927,1.292376,T Shape,3,"[473, 1178, 5722]"
103.833459,1.292511,X Shape,4,"[473, 1449, 2293, 5159]"
103.841805,1.291241,T Shape,3,"[476, 4056, 4061]"
103.843155,1.293733,T Shape,3,"[478, 4323, 4469]"
103.84311,1.293446,T Shape,3,"[478, 1509, 1588]"
103.837216,1.296044,T Shape,3,"[480, 1237, 2350]"
103.842973,1.301709,T Shape,3,"[483, 4777, 4778]"
103.842936,1.301281,T Shape,3,"[483, 4225, 4736]"
103.846929,1.288557,T Shape,3,"[488, 2019, 3140]"
103.847164,1.288563,X Shape,4,"[488, 1674, 1675, 3459]"
103.847035,1.297541,T Shape,3,"[491, 715, 3067]"
103.824404,1.292095,T Shape,3,"[493, 558, 1169]"
103.820701,1.298042,T Shape,3,"[494, 495, 3004]"
103.820853,1.300326,T Shape,3,"[496, 813, 3018]"
103.822984,1.299615,Other,3,"[498, 4085, 4087]"
103.820228,1.29675,T Shape,3,"[500, 514, 2911]"
103.820019,1.299854,T Shape,3,"[503, 3007, 3008]"
103.822284,1.299626,X Shape,4,"[504, 812, 2372, 2998]"
103.822035,1.299657,T Shape,3,"[504, 1097, 3010]"
103.822835,1.299653,T Shape,3,"[505, 4087, 4088]"
103.822864,1.299893,T Shape,3,"[505, 3011, 3016]"
103.821566,1.300236,T Shape,3,"[506, 3017, 3018]"
103.823532,1.293289,T Shape,3,"[507, 508, 3013]"
103.824569,1.293649,T Shape,3,"[510, 2797, 2799]"
103.823191,1.292626,Crossing,4,"[511, 4148, 6326, 6327]"
103.822401,1.293106,X Shape,4,"[511, 3776, 4147, 5684]"
103.82235,1.294539,T Shape,3,"[512, 688, 2958]"
103.822542,1.293867,T Shape,3,"[512, 2103, 2957]"
103.8233,1.292944,T Shape,3,"[513, 5457, 6326]"
103.825957,1.296086,T Shape,3,"[518, 2835, 2852]"
103.8249,1.295445,T Shape,3,"[518, 2935, 4815]"
103.824091,1.295515,T Shape,3,"[519, 2939, 4102]"
103.823554,1.296002,T Shape,3,"[519, 2938, 4103]"
103.825153,1.295066,T Shape,3,"[520, 521, 2917]"
103.824494,1.294807,T Shape,3,"[522, 4046, 4047]"
103.824651,1.294724,T Shape,3,"[522, 532, 534]"
103.820874,1.291167,X Shape,4,"[525, 526, 1040, 6251]"
103.824636,1.294617,T Shape,3,"[531, 533, 4517]"
103.824614,1.294627,T Shape,3,"[532, 3124, 4517]"
103.82508,1.294152,T Shape,3,"[534, 3092, 3093]"
103.848257,1.288479,T Shape,3,"[538, 3466, 3468]"
103.848365,1.288644,T Shape,3,"[538, 2896, 3471]"
103.84547,1.300549,T Shape,3,"[539, 3265, 4386]"
103.820235,1.288526,T Shape,3,"[540, 3296, 4133]"
103.820104,1.288531,T Shape,3,"[540, 542, 3299]"
103.82131,1.286131,T Shape,3,"[541, 2906, 4639]"
103.823204,1.286247,T Shape,3,"[543, 4480, 4481]"
103.820079,1.286476,Other,3,"[544, 1925, 3056]"
103.826082,1.286116,Crossing,4,"[545, 632, 3206, 5438]"
103.825171,1.285923,T Shape,3,"[546, 756, 1547]"
103.824158,1.286919,T Shape,3,"[546, 758, 3906]"
103.824354,1.286775,T Shape,3,"[547, 3906, 4399]"
103.82532,1.287106,T Shape,3,"[547, 630, 3933]"
103.82543,1.286789,T Shape,3,"[548, 884, 2707]"
103.825874,1.286224,T Shape,3,"[548, 888, 2481]"
103.826226,1.285886,T Shape,3,"[549, 3026, 3099]"
103.825864,1.285875,T Shape,3,"[549, 3024, 3025]"
103.825427,1.285021,Crossing,4,"[551, 2443, 2461, 4600]"
103.825433,1.285279,T Shape,3,"[551, 2433, 3021]"
103.82649,1.285291,T Shape,3,"[552, 3022, 3023]"
103.825454,1.285422,X Shape,4,"[553, 2432, 3020, 3021]"
103.825551,1.285804,T Shape,3,"[554, 2434, 3024]"
103.830852,1.294388,T Shape,3,"[555, 4518, 4819]"
103.823655,1.293519,T Shape,3,"[556, 3013, 3014]"
103.82588,1.292528,T Shape,3,"[557, 1113, 6068]"
103.822153,1.28923,Other,3,"[562, 3742, 3990]"
103.822312,1.289219,T Shape,3,"[562, 3738, 3991]"
103.820925,1.290797,T Shape,3,"[563, 1146, 4004]"
103.820771,1.29081,T Shape,3,"[563, 566, 568]"
103.821985,1.288939,T Shape,3,"[564, 3712, 3743]"
103.822089,1.289199,T Shape,3,"[564, 3711, 3742]"
103.820792,1.290975,T Shape,3,"[566, 2692, 4497]"
103.821637,1.288813,T Shape,3,"[567, 3713, 3748]"
103.821352,1.288836,T Shape,3,"[567, 3714, 3747]"
103.820259,1.291025,T Shape,3,"[568, 2692, 2705]"
103.828323,1.28724,T Shape,3,"[569, 2497, 4589]"
103.829231,1.288096,T Shape,3,"[571, 575, 3977]"
103.826626,1.288368,T Shape,3,"[572, 594, 3098]"
103.82649,1.288433,Other,3,"[572, 595, 595]"
103.83452,1.28794,X Shape,4,"[573, 584, 592, 3097]"
103.829532,1.28794,T Shape,3,"[574, 3980, 4802]"
103.829531,1.288096,T Shape,3,"[575, 1865, 4802]"
103.829492,1.288317,T Shape,3,"[576, 1863, 3521]"
103.829486,1.288237,T Shape,3,"[576, 1865, 1866]"
103.8278,1.288481,T Shape,3,"[577, 589, 3053]"
103.832679,1.288748,T Shape,3,"[578, 849, 2795]"
103.829392,1.287324,X Shape,4,"[579, 3062, 3972, 4219]"
103.828155,1.289274,X Shape,4,"[580, 2339, 3327, 3330]"
103.834701,1.28802,T Shape,3,"[581, 1153, 4751]"
103.834316,1.288348,T Shape,3,"[581, 3999, 4000]"
103.827573,1.288279,T Shape,3,"[582, 1943, 3969]"
103.834546,1.287339,T Shape,3,"[583, 584, 2792]"
103.833139,1.287248,T Shape,3,"[585, 2648, 3839]"
103.833095,1.287093,T Shape,3,"[585, 3094, 4216]"
103.829815,1.2867,T Shape,3,"[586, 4841, 5504]"
103.834059,1.28839,T Shape,3,"[587, 3968, 6117]"
103.834417,1.287341,X Shape,4,"[588, 1152, 2792, 4001]"
103.834383,1.287881,Crossing,4,"[588, 592, 3998, 4002]"
103.827722,1.288514,T Shape,3,"[589, 3059, 4834]"
103.82969,1.288739,Crossing,4,"[593, 4504, 4508, 4840]"
103.826532,1.288043,T Shape,3,"[594, 3103, 4824]"
103.832269,1.290607,T Shape,3,"[596, 1158, 5475]"
103.832497,1.290884,Other,3,"[597, 1160, 1162]"
103.828294,1.291958,T Shape,3,"[598, 2899, 2900]"
103.828306,1.2923,T Shape,3,"[599, 2899, 3032]"
103.828821,1.292298,T Shape,3,"[599, 1166, 3033]"
103.827994,1.291416,T Shape,3,"[600, 602, 3031]"
103.827766,1.291422,Crossing,4,"[601, 3031, 3546, 4397]"
103.827067,1.291394,T Shape,3,"[604, 3027, 3028]"
103.826792,1.291396,T Shape,3,"[604, 995, 3028]"
103.845565,1.287114,T Shape,3,"[607, 788, 5591]"
103.846324,1.296611,Crossing,4,"[608, 712, 2960, 3044]"
103.84802,1.294915,T Shape,3,"[611, 1007, 1885]"
103.847753,1.295782,Other,3,"[620, 1010, 3049]"
103.846194,1.296386,T Shape,3,"[621, 3044, 4916]"
103.846161,1.296217,T Shape,3,"[621, 958, 4916]"
103.844716,1.304426,T Shape,3,"[622, 2266, 3045]"
103.843797,1.304972,Other,3,"[622, 1226, 3036]"
103.83008,1.304717,Crossing,4,"[624, 1867, 4111, 4112]"
103.82985,1.304521,Crossing,4,"[624, 5396, 5397, 5398]"
103.84249,1.285241,T Shape,3,"[626, 2892, 4345]"
103.849721,1.297793,T Shape,3,"[629, 1433, 3277]"
103.825224,1.286317,Crossing,4,"[631, 756, 3805, 3806]"
103.833682,1.286991,T Shape,3,"[633, 2647, 3251]"
103.842969,1.300122,X Shape,4,"[638, 1303, 1316, 2477]"
103.843909,1.293528,T Shape,3,"[639, 1198, 2392]"
103.844022,1.294791,T Shape,3,"[639, 2016, 3263]"
103.826228,1.290214,T Shape,3,"[642, 853, 885]"
103.843134,1.299977,T Shape,3,"[643, 761, 1318]"
103.834868,1.285432,T Shape,3,"[644, 2145, 4662]"
103.834871,1.285411,T Shape,3,"[644, 2149, 4938]"
103.843644,1.298851,T Shape,3,"[645, 4743, 4912]"
103.840972,1.299886,T Shape,3,"[647, 1813, 3278]"
103.843745,1.292936,X Shape,4,"[648, 652, 1591, 1617]"
103.822425,1.304662,T Shape,3,"[649, 1195, 2029]"
103.822631,1.288214,Crossing,4,"[650, 1923, 2411, 4470]"
103.841602,1.288439,T Shape,3,"[653, 1230, 1656]"
103.822686,1.288735,T Shape,3,"[654, 2698, 2700]"
103.8228,1.289168,T Shape,3,"[654, 2828, 3739]"
103.825407,1.28771,T Shape,3,"[655, 2262, 2508]"
103.848433,1.29018,T Shape,3,"[656, 1199, 2018]"
103.845928,1.287396,X Shape,4,"[659, 668, 1939, 3166]"
103.846524,1.288082,T Shape,3,"[660, 2283, 3141]"
103.846742,1.28834,T Shape,3,"[660, 2284, 3140]"
103.843857,1.287359,T Shape,3,"[661, 669, 4569]"
103.844298,1.287114,T Shape,3,"[661, 706, 1463]"
103.844995,1.288228,T Shape,3,"[663, 1930, 4757]"
103.846081,1.28729,X Shape,4,"[664, 665, 668, 4845]"
103.84652,1.287164,T Shape,3,"[666, 893, 4699]"
103.843244,1.287638,T Shape,3,"[669, 1658, 3211]"
103.842594,1.287394,T Shape,3,"[670, 4771, 5695]"
103.830615,1.299651,T Shape,3,"[672, 2975, 3879]"
103.84058,1.30246,X Shape,4,"[675, 1432, 4768, 5670]"
103.840729,1.302873,Other,3,"[675, 2330, 4264]"
103.848923,1.293753,Other,3,"[679, 4306, 4310]"
103.848808,1.293828,T Shape,3,"[679, 1834, 4309]"
103.849266,1.294015,T Shape,3,"[680, 3500, 4616]"
103.848922,1.294044,T Shape,3,"[682, 4307, 4309]"
103.849043,1.293975,Other,3,"[682, 808, 4306]"
103.848266,1.293777,Crossing,4,"[683, 684, 4312, 4667]"
103.848397,1.293786,T Shape,3,"[684, 3046, 4666]"
103.823681,1.293568,Crossing,4,"[687, 2959, 3014, 5457]"
103.823822,1.29383,T Shape,3,"[687, 2959, 3534]"
103.822322,1.294659,Crossing,4,"[688, 2956, 3845, 5489]"
103.827178,1.285942,X Shape,4,"[690, 1984, 1986, 2729]"
103.841018,1.295241,T Shape,3,"[692, 693, 1189]"
103.83935,1.294952,Other,3,"[694, 3526, 5281]"
103.839776,1.29487,T Shape,3,"[694, 5798, 5800]"
103.823941,1.302723,T Shape,3,"[695, 1725, 1726]"
103.829533,1.296405,T Shape,3,"[696, 2932, 4099]"
103.829588,1.29599,T Shape,3,"[696, 4210, 4213]"
103.830053,1.300996,T Shape,3,"[697, 4089, 5368]"
103.830203,1.300514,T Shape,3,"[698, 2974, 4183]"
103.82445,1.302794,T Shape,3,"[699, 1725, 3870]"
103.830104,1.300661,T Shape,3,"[700, 2974, 5868]"
103.829936,1.300881,T Shape,3,"[700, 2976, 4089]"
103.827845,1.297204,X Shape,4,"[701, 1102, 2973, 4090]"
103.842482,1.301458,T Shape,3,"[702, 765, 2554]"
103.834809,1.288742,T Shape,3,"[703, 3123, 4640]"
103.840713,1.302911,Crossing,4,"[705, 2329, 2330, 3006]"
103.831428,1.303472,T Shape,3,"[707, 2395, 4390]"
103.830512,1.299483,T Shape,3,"[708, 1693, 2605]"
103.8303,1.298756,T Shape,3,"[708, 1694, 2727]"
103.841635,1.287927,T Shape,3,"[709, 1663, 1669]"
103.840994,1.28778,T Shape,3,"[709, 2038, 5614]"
103.82953,1.299126,T Shape,3,"[710, 1697, 2594]"
103.845876,1.296522,T Shape,3,"[711, 4367, 4368]"
103.846334,1.296922,Crossing,4,"[712, 713, 957, 961]"
103.845277,1.298136,T Shape,3,"[717, 5303, 5581]"
103.845988,1.296357,T Shape,3,"[718, 2960, 4368]"
103.845711,1.295744,T Shape,3,"[718, 2209, 2210]"
103.844335,1.286327,T Shape,3,"[725, 4138, 4139]"
103.842345,1.287408,T Shape,3,"[726, 3282, 6300]"
103.849652,1.294928,T Shape,3,"[729, 730, 6332]"
103.849716,1.29255,X Shape,4,"[732, 5063, 5135, 5137]"
103.849619,1.292316,Crossing,4,"[733, 5064, 5134, 5135]"
103.846282,1.285372,T Shape,3,"[735, 3445, 3447]"
103.835751,1.296919,T Shape,3,"[740, 2819, 4097]"
103.84221,1.297669,T Shape,3,"[741, 1083, 4721]"
103.842636,1.297797,T Shape,3,"[744, 1082, 4366]"
103.847333,1.290522,T Shape,3,"[748, 1931, 3167]"
103.821704,1.304905,T Shape,3,"[750, 751, 3043]"
103.821605,1.304034,T Shape,3,"[752, 3042, 3043]"
103.825382,1.286343,X Shape,4,"[755, 757, 884, 3804]"
103.840698,1.303186,T Shape,3,"[760, 2527, 3900]"
103.827333,1.287274,T Shape,3,"[763, 5506, 5951]"
103.824701,1.290595,T Shape,3,"[771, 2586, 2587]"
103.82841,1.29062,T Shape,3,"[773, 2361, 4291]"
103.840172,1.288972,X Shape,4,"[775, 937, 3281, 5046]"
103.844546,1.29992,T Shape,3,"[777, 1418, 1419]"
103.849667,1.304898,T Shape,3,"[778, 2280, 3474]"
103.847879,1.298791,T Shape,3,"[779, 780, 1262]"
103.84763,1.298804,Other,3,"[779, 1351, 1367]"
103.826879,1.297823,T Shape,3,"[781, 782, 3114]"
103.827561,1.298685,T Shape,3,"[783, 1103, 3113]"
103.828612,1.299047,T Shape,3,"[784, 1545, 3235]"
103.838435,1.300558,T Shape,3,"[785, 787, 1827]"
103.838528,1.300333,X Shape,4,"[786, 1824, 1825, 5127]"
103.845172,1.286649,T Shape,3,"[792, 5596, 5995]"
103.825277,1.301012,X Shape,4,"[793, 2596, 2955, 3000]"
103.825609,1.30193,T Shape,3,"[793, 794, 1842]"
103.840008,1.288669,T Shape,3,"[796, 907, 908]"
103.83958,1.287699,Crossing,4,"[797, 935, 2534, 4643]"
103.83956,1.290681,Other,3,"[798, 1181, 4023]"
103.836507,1.290241,T Shape,3,"[799, 1178, 1220]"
103.844782,1.294717,T Shape,3,"[803, 957, 2363]"
103.844963,1.292788,T Shape,3,"[806, 960, 2362]"
103.844204,1.294123,T Shape,3,"[806, 4484, 4917]"
103.848881,1.294178,T Shape,3,"[807, 2414, 4305]"
103.84925,1.293981,T Shape,3,"[807, 3107, 4619]"
103.822938,1.287952,T Shape,3,"[809, 2412, 2515]"
103.82259,1.287936,T Shape,3,"[809, 2411, 2590]"
103.820387,1.300834,T Shape,3,"[813, 820, 1193]"
103.821684,1.300902,Other,3,"[814, 2222, 2223]"
103.823595,1.300575,T Shape,3,"[815, 3859, 5178]"
103.82282,1.300487,T Shape,3,"[815, 2139, 2140]"
103.823062,1.303981,T Shape,3,"[816, 835, 3083]"
103.825035,1.300606,T Shape,3,"[817, 2596, 3558]"
103.824922,1.300653,Other,3,"[817, 834, 4902]"
103.822411,1.301642,T Shape,3,"[818, 3909, 3910]"
103.82213,1.304231,X Shape,4,"[819, 2774, 2775, 4645]"
103.822155,1.304219,T Shape,3,"[819, 2385, 5320]"
103.823388,1.301055,T Shape,3,"[821, 3865, 3866]"
103.823016,1.302246,T Shape,3,"[822, 3907, 3908]"
103.822683,1.302588,T Shape,3,"[822, 826, 828]"
103.82062,1.30171,T Shape,3,"[823, 3914, 3915]"
103.820638,1.298638,T Shape,3,"[824, 3005, 3076]"
103.820663,1.298905,T Shape,3,"[824, 2200, 4544]"
103.822244,1.301194,T Shape,3,"[825, 2859, 3078]"
103.822273,1.300876,Other,3,"[825, 833, 3077]"
103.820133,1.30189,T Shape,3,"[827, 3520, 3916]"
103.822326,1.301558,T Shape,3,"[829, 3910, 3911]"
103.823252,1.30341,T Shape,3,"[830, 2874, 3529]"
103.820721,1.301672,T Shape,3,"[831, 3913, 3914]"
103.824304,1.300985,Other,3,"[832, 836, 3084]"
103.837591,1.292035,X Shape,4,"[839, 2046, 2049, 2841]"
103.837745,1.290538,T Shape,3,"[840, 3995, 3997]"
103.837355,1.290483,T Shape,3,"[841, 2402, 3072]"
103.837635,1.29058,T Shape,3,"[841, 3994, 3997]"
103.841128,1.291642,Other,3,"[842, 940, 1186]"
103.839701,1.289331,T Shape,3,"[844, 1177, 5726]"
103.840005,1.289383,T Shape,3,"[844, 938, 3131]"
103.826919,1.289398,Other,3,"[847, 847, 848]"
103.827142,1.289372,Other,3,"[848, 1862, 1944]"
103.832203,1.289584,X Shape,4,"[849, 2656, 3392, 3841]"
103.830955,1.290382,T Shape,3,"[851, 2006, 3205]"
103.826992,1.289917,T Shape,3,"[852, 3992, 4512]"
103.827282,1.289667,T Shape,3,"[852, 1862, 3052]"
103.826706,1.290499,T Shape,3,"[853, 881, 2680]"
103.827601,1.290346,T Shape,3,"[854, 2112, 3063]"
103.832602,1.290205,T Shape,3,"[855, 2122, 4716]"
103.83797,1.302973,Other,3,"[856, 4864, 4865]"
103.842354,1.304425,T Shape,3,"[857, 2231, 3035]"
103.84407,1.304317,T Shape,3,"[858, 2264, 3057]"
103.844174,1.304331,T Shape,3,"[859, 2266, 3057]"
103.842576,1.304722,T Shape,3,"[860, 3035, 3036]"
103.841391,1.30451,T Shape,3,"[860, 2850, 2851]"
103.836787,1.30083,T Shape,3,"[861, 2717, 2721]"
103.837018,1.301365,T Shape,3,"[861, 4706, 4708]"
103.829736,1.293971,T Shape,3,"[862, 963, 3374]"
103.830515,1.294348,T Shape,3,"[862, 3367, 3372]"
103.829516,1.294396,T Shape,3,"[863, 1176, 3374]"
103.83098,1.29313,T Shape,3,"[864, 869, 3370]"
103.831299,1.293196,T Shape,3,"[864, 1679, 4493]"
103.831013,1.292555,T Shape,3,"[865, 962, 3382]"
103.830981,1.292539,T Shape,3,"[865, 872, 3381]"
103.830294,1.294457,T Shape,3,"[867, 874, 1175]"
103.830557,1.294535,T Shape,3,"[867, 1174, 4820]"
103.830774,1.293717,T Shape,3,"[869, 2800, 3367]"
103.830912,1.293927,T Shape,3,"[870, 3958, 5194]"
103.830135,1.294898,T Shape,3,"[871, 874, 1172]"
103.830387,1.294912,T Shape,3,"[873, 1172, 1173]"
103.831354,1.294959,Crossing,4,"[877, 2923, 2924, 5812]"
103.83127,1.294914,Crossing,4,"[878, 2126, 2924, 5811]"
103.825754,1.290638,T Shape,3,"[879, 892, 2501]"
103.826136,1.290623,X Shape,4,"[879, 1109, 1116, 1720]"
103.825968,1.29214,T Shape,3,"[880, 2771, 3256]"
103.835936,1.289242,T Shape,3,"[882, 3760, 5032]"
103.835018,1.289449,Crossing,4,"[883, 1608, 1644, 2479]"
103.825673,1.288714,T Shape,3,"[885, 1551, 1555]"
103.828362,1.285794,T Shape,3,"[887, 1982, 2514]"
103.826475,1.286125,T Shape,3,"[888, 3934, 5437]"
103.833354,1.289893,Crossing,4,"[889, 1672, 2580, 2581]"
103.82601,1.29006,T Shape,3,"[891, 969, 1556]"
103.82613,1.290908,T Shape,3,"[892, 1116, 2022]"
103.846702,1.287482,T Shape,3,"[893, 3941, 5857]"
103.845997,1.288705,X Shape,4,"[894, 2966, 2967, 2970]"
103.846035,1.288775,T Shape,3,"[894, 1201, 2968]"
103.846176,1.288545,X Shape,4,"[895, 898, 2970, 2971]"
103.847214,1.288107,T Shape,3,"[896, 2215, 2972]"
103.845841,1.288848,T Shape,3,"[897, 1200, 2965]"
103.845875,1.288905,X Shape,4,"[897, 980, 2963, 2964]"
103.846506,1.287796,T Shape,3,"[900, 1625, 4144]"
103.846353,1.287884,T Shape,3,"[900, 2020, 3141]"
103.841332,1.298984,T Shape,3,"[902, 3826, 3827]"
103.838185,1.285027,Crossing,4,"[903, 904, 916, 927]"
103.838762,1.285488,T Shape,3,"[910, 911, 934]"
103.838534,1.285879,X Shape,4,"[914, 921, 930, 5060]"
103.825027,1.291452,T Shape,3,"[917, 2023, 2083]"
103.845638,1.297015,T Shape,3,"[918, 1227, 3108]"
103.840958,1.286576,T Shape,3,"[919, 1066, 2846]"
103.839857,1.286753,X Shape,4,"[928, 3950, 4942, 5060]"
103.838328,1.285201,T Shape,3,"[929, 931, 932]"
103.838656,1.285409,T Shape,3,"[931, 933, 2948]"
103.84001,1.289245,T Shape,3,"[938, 1651, 1652]"
103.821044,1.290318,T Shape,3,"[941, 1147, 1148]"
103.823742,1.287504,Other,3,"[942, 2254, 2268]"
103.829207,1.295148,X Shape,4,"[943, 2762, 3375, 4227]"
103.824952,1.299591,T Shape,3,"[944, 4535, 6187]"
103.825223,1.299694,T Shape,3,"[944, 2614, 2616]"
103.824374,1.29972,T Shape,3,"[945, 4104, 4110]"
103.824726,1.299641,T Shape,3,"[945, 6182, 6183]"
103.824363,1.299469,T Shape,3,"[946, 1564, 2623]"
103.824367,1.299582,T Shape,3,"[946, 4104, 4105]"
103.827503,1.29397,X Shape,4,"[947, 1190, 2000, 2003]"
103.82746,1.29403,X Shape,4,"[947, 1565, 1566, 2764]"
103.827739,1.293458,T Shape,3,"[948, 1190, 2907]"
103.833915,1.285608,T Shape,3,"[949, 2645, 3514]"
103.832024,1.285943,T Shape,3,"[950, 2844, 4579]"
103.845176,1.295035,Other,3,"[952, 1878, 5756]"
103.84565,1.294914,T Shape,3,"[952, 1892, 1893]"
103.847839,1.293511,T Shape,3,"[953, 1887, 2364]"
103.845673,1.294875,T Shape,3,"[954, 1217, 1892]"
103.847583,1.296063,T Shape,3,"[955, 1876, 3707]"
103.845439,1.297188,X Shape,4,"[956, 1227, 4686, 4914]"
103.845585,1.295028,T Shape,3,"[958, 1893, 1894]"
103.847422,1.29376,Crossing,4,"[959, 1212, 1886, 2364]"
103.827244,1.285011,X Shape,4,"[966, 2980, 3121, 4043]"
103.827187,1.285194,X Shape,4,"[967, 2729, 2978, 2980]"
103.825009,1.290569,T Shape,3,"[968, 1851, 2586]"
103.849451,1.299515,T Shape,3,"[970, 3186, 3187]"
103.84935,1.29966,T Shape,3,"[970, 971, 2506]"
103.848922,1.300026,T Shape,3,"[972, 4293, 5326]"
103.846857,1.300895,T Shape,3,"[973, 3515, 4301]"
103.834989,1.286751,T Shape,3,"[974, 1609, 4939]"
103.843798,1.287925,X Shape,4,"[978, 1503, 4426, 6356]"
103.843944,1.288082,X Shape,4,"[978, 1243, 1502, 2724]"
103.845432,1.291844,T Shape,3,"[979, 1955, 4532]"
103.845518,1.291598,X Shape,4,"[979, 2505, 2562, 3228]"
103.840823,1.290863,T Shape,3,"[982, 983, 984]"
103.849748,1.289578,X Shape,4,"[986, 987, 1422, 1423]"
103.838567,1.296833,Crossing,4,"[989, 1059, 1060, 1122]"
103.838031,1.29716,X Shape,4,"[989, 4552, 4553, 4848]"
103.846233,1.299963,T Shape,3,"[990, 1340, 1341]"
103.844912,1.292204,T Shape,3,"[994, 2840, 4533]"
103.826122,1.291409,T Shape,3,"[995, 3148, 3245]"
103.848411,1.291746,T Shape,3,"[997, 1881, 2861]"
103.847916,1.293973,Other,3,"[1002, 1003, 2205]"
103.848155,1.294058,T Shape,3,"[1003, 2204, 4313]"
103.847489,1.294811,T Shape,3,"[1005, 1006, 1007]"
103.848305,1.295938,T Shape,3,"[1012, 3172, 3810]"
103.848785,1.296887,Other,3,"[1018, 3068, 3744]"
103.846632,1.297603,T Shape,3,"[1019, 4686, 5667]"
103.84552,1.299001,T Shape,3,"[1024, 3573, 3579]"
103.832871,1.304508,T Shape,3,"[1029, 1031, 3677]"
103.834278,1.303824,T Shape,3,"[1032, 3817, 4973]"
103.837302,1.288806,T Shape,3,"[1035, 1047, 1649]"
103.831761,1.29032,T Shape,3,"[1036, 4246, 4247]"
103.83175,1.290453,T Shape,3,"[1038, 1638, 1639]"
103.820868,1.291104,T Shape,3,"[1040, 2674, 2675]"
103.830752,1.287263,T Shape,3,"[1043, 3840, 4588]"
103.821757,1.287358,T Shape,3,"[1044, 4337, 4374]"
103.821661,1.287895,Crossing,4,"[1045, 4473, 4622, 5441]"
103.821492,1.288596,T Shape,3,"[1045, 2588, 5440]"
103.821075,1.286512,T Shape,3,"[1046, 2949, 4336]"
103.821068,1.28672,T Shape,3,"[1046, 2951, 2952]"
103.84219,1.294156,T Shape,3,"[1048, 3792, 4737]"
103.841874,1.294503,T Shape,3,"[1049, 3403, 4910]"
103.836061,1.289216,T Shape,3,"[1053, 5031, 5032]"
103.8389,1.297603,T Shape,3,"[1057, 2875, 3324]"
103.838027,1.297285,T Shape,3,"[1058, 2791, 4847]"
103.83809,1.29724,X Shape,4,"[1058, 3599, 4848, 4849]"
103.838604,1.296814,Other,3,"[1061, 1120, 1122]"
103.837836,1.296899,X Shape,4,"[1062, 4552, 4554, 4846]"
103.835745,1.298247,T Shape,3,"[1063, 6173, 6174]"
103.838355,1.297688,T Shape,3,"[1064, 2848, 3597]"
103.838226,1.29752,T Shape,3,"[1065, 2848, 2849]"
103.838049,1.297628,T Shape,3,"[1065, 4894, 4895]"
103.825654,1.304675,X Shape,4,"[1074, 2549, 2550, 3654]"
103.827227,1.299463,T Shape,3,"[1075, 2248, 4542]"
103.842573,1.297661,T Shape,3,"[1077, 2406, 2765]"
103.842194,1.296946,T Shape,3,"[1078, 5777, 5782]"
103.842092,1.298486,T Shape,3,"[1079, 4365, 4787]"
103.836964,1.297561,T Shape,3,"[1085, 2961, 3079]"
103.825839,1.300494,X Shape,4,"[1087, 2999, 3000, 5248]"
103.831306,1.302222,T Shape,3,"[1089, 2954, 2981]"
103.830181,1.300732,X Shape,4,"[1090, 5868, 5870, 5874]"
103.825733,1.296525,T Shape,3,"[1091, 1838, 2908]"
103.824063,1.299756,T Shape,3,"[1094, 3011, 3012]"
103.821916,1.298765,T Shape,3,"[1096, 1097, 5286]"
103.828244,1.297983,T Shape,3,"[1098, 4091, 4094]"
103.828163,1.29791,T Shape,3,"[1098, 1102, 4095]"
103.828624,1.297811,T Shape,3,"[1099, 1100, 1698]"
103.82636,1.299206,T Shape,3,"[1105, 2613, 3860]"
103.832528,1.303412,X Shape,4,"[1106, 2193, 3635, 3673]"
103.832715,1.303597,Crossing,4,"[1106, 3601, 3602, 4448]"
103.831342,1.296046,X Shape,4,"[1107, 1110, 2603, 3852]"
103.830353,1.295577,X Shape,4,"[1108, 1680, 1997, 2661]"
103.830311,1.295676,X Shape,4,"[1108, 1111, 1577, 2615]"
103.831849,1.296187,T Shape,3,"[1110, 1236, 2600]"
103.826101,1.29305,Crossing,4,"[1112, 1240, 2766, 5452]"
103.825947,1.29277,X Shape,4,"[1113, 4948, 5619, 5620]"
103.825878,1.292197,T Shape,3,"[1115, 3135, 3257]"
103.838743,1.290843,T Shape,3,"[1117, 1508, 2413]"
103.838465,1.29021,T Shape,3,"[1118, 2630, 5033]"
103.837912,1.288925,X Shape,4,"[1119, 2040, 2041, 3183]"
103.838769,1.29115,T Shape,3,"[1123, 1507, 2626]"
103.837545,1.2951,T Shape,3,"[1124, 2801, 6222]"
103.840096,1.299824,T Shape,3,"[1125, 1927, 2691]"
103.839631,1.299217,Crossing,4,"[1125, 1517, 3773, 3775]"
103.837445,1.292275,T Shape,3,"[1126, 3212, 4464]"
103.837363,1.292234,X Shape,4,"[1126, 1976, 2841, 4465]"
103.833386,1.293615,T Shape,3,"[1127, 1129, 2734]"
103.832782,1.294691,T Shape,3,"[1128, 2735, 3501]"
103.833449,1.293505,T Shape,3,"[1129, 5757, 6302]"
103.838704,1.293713,T Shape,3,"[1130, 3320, 3662]"
103.835456,1.295392,T Shape,3,"[1131, 2988, 3552]"
103.83527,1.294996,T Shape,3,"[1132, 4543, 4785]"
103.834703,1.295714,T Shape,3,"[1133, 1134, 2953]"
103.835289,1.29525,T Shape,3,"[1134, 3553, 4785]"
103.826677,1.29487,T Shape,3,"[1136, 2100, 4049]"
103.826729,1.295145,T Shape,3,"[1136, 2763, 2813]"
103.8214,1.287903,T Shape,3,"[1142, 4473, 5441]"
103.820968,1.288868,X Shape,4,"[1143, 3002, 3963, 4393]"
103.82042,1.288911,T Shape,3,"[1143, 1145, 3293]"
103.839585,1.287911,T Shape,3,"[1150, 1151, 2534]"
103.833072,1.286698,T Shape,3,"[1154, 3094, 3095]"
103.832022,1.286465,T Shape,3,"[1155, 3952, 3954]"
103.832024,1.286005,X Shape,4,"[1155, 2844, 2845, 4572]"
103.830089,1.286421,T Shape,3,"[1156, 1718, 4632]"
103.842412,1.287126,T Shape,3,"[1157, 1667, 4548]"
103.832374,1.290817,Crossing,4,"[1159, 1162, 1163, 4287]"
103.828308,1.292355,T Shape,3,"[1164, 2348, 3032]"
103.826758,1.292153,T Shape,3,"[1167, 2944, 3034]"
103.829585,1.294429,T Shape,3,"[1171, 1175, 1176]"
103.830598,1.295007,T Shape,3,"[1173, 1680, 4818]"
103.837762,1.290627,T Shape,3,"[1182, 3994, 3995]"
103.83791,1.290907,T Shape,3,"[1182, 3073, 3074]"
103.837623,1.291032,T Shape,3,"[1184, 2400, 3074]"
103.841698,1.290447,T Shape,3,"[1185, 2317, 5727]"
103.840753,1.292114,Crossing,4,"[1186, 2629, 3117, 3412]"
103.839417,1.293508,X Shape,4,"[1187, 1916, 3118, 3313]"
103.828926,1.29594,T Shape,3,"[1191, 2912, 2913]"
103.823304,1.292333,T Shape,3,"[1192, 2101, 3088]"
103.823155,1.292539,T Shape,3,"[1192, 2091, 6327]"
103.823026,1.304687,T Shape,3,"[1195, 1614, 2028]"
103.822418,1.304814,T Shape,3,"[1196, 1544, 2690]"
103.843942,1.291331,Other,3,"[1197, 1775, 4321]"
103.843323,1.293313,T Shape,3,"[1198, 1588, 1589]"
103.845968,1.288832,X Shape,4,"[1201, 2324, 2963, 6189]"
103.847313,1.294304,T Shape,3,"[1204, 3700, 3702]"
103.847257,1.291409,Crossing,4,"[1205, 1216, 1217, 1476]"
103.847934,1.291646,Other,3,"[1208, 1208, 1215]"
103.849127,1.299076,T Shape,3,"[1223, 1393, 3188]"
103.846372,1.304576,T Shape,3,"[1224, 1225, 4653]"
103.823187,1.291494,T Shape,3,"[1229, 4040, 4041]"
103.823242,1.291641,Crossing,4,"[1229, 3668, 3670, 6260]"
103.841511,1.288848,T Shape,3,"[1230, 1593, 1594]"
103.840758,1.287793,T Shape,3,"[1231, 2039, 2533]"
103.84091,1.287659,T Shape,3,"[1231, 4655, 5614]"
103.829636,1.290414,X Shape,4,"[1232, 2576, 2577, 2579]"
103.829636,1.290519,X Shape,4,"[1232, 1636, 1637, 2633]"
103.829633,1.289444,T Shape,3,"[1233, 4025, 4075]"
103.838876,1.29282,T Shape,3,"[1234, 3987, 6405]"
103.839107,1.293121,T Shape,3,"[1234, 1855, 4919]"
103.8318,1.296058,T Shape,3,"[1235, 1710, 2637]"
103.831598,1.295709,T Shape,3,"[1235, 2609, 2638]"
103.831087,1.296358,T Shape,3,"[1236, 2603, 3862]"
103.836834,1.295745,T Shape,3,"[1237, 1587, 3849]"
103.822625,1.288506,T Shape,3,"[1239, 1924, 2725]"
103.82572,1.292932,T Shape,3,"[1240, 2796, 4077]"
103.82748,1.285899,T Shape,3,"[1241, 2498, 3242]"
103.827212,1.285729,T Shape,3,"[1241, 1713, 2726]"
103.847808,1.286509,X Shape,4,"[1242, 1471, 1472, 2670]"
103.848721,1.302276,T Shape,3,"[1244, 3530, 5297]"
103.838397,1.29159,Crossing,4,"[1246, 2043, 2045, 3132]"
103.849677,1.285624,T Shape,3,"[1247, 1248, 2570]"
103.849601,1.285432,Crossing,4,"[1248, 1456, 2564, 4070]"
103.849786,1.285639,T Shape,3,"[1249, 1250, 2570]"
103.849851,1.288969,T Shape,3,"[1251, 1424, 6205]"
103.845342,1.303961,T Shape,3,"[1254, 2994, 3045]"
103.849413,1.296127,Other,3,"[1258, 3905, 4688]"
103.840834,1.297162,T Shape,3,"[1260, 2834, 3321]"
103.848166,1.29873,T Shape,3,"[1263, 1320, 2469]"
103.835823,1.302439,T Shape,3,"[1265, 1267, 3772]"
103.836132,1.302706,T Shape,3,"[1265, 2556, 3873]"
103.836072,1.302848,T Shape,3,"[1268, 1269, 1272]"
103.837411,1.302069,X Shape,4,"[1269, 3939, 5133, 5633]"
103.835847,1.302975,T Shape,3,"[1272, 2335, 5393]"
103.840709,1.300716,X Shape,4,"[1278, 2551, 2552, 3782]"
103.835156,1.300702,T Shape,3,"[1279, 5334, 5335]"
103.837629,1.301948,T Shape,3,"[1280, 5132, 5633]"
103.8388,1.302009,T Shape,3,"[1285, 3337, 3394]"
103.840198,1.300071,T Shape,3,"[1291, 2694, 2695]"
103.841218,1.300552,T Shape,3,"[1297, 1298, 2552]"
103.841949,1.300343,T Shape,3,"[1298, 1724, 4755]"
103.843091,1.300172,X Shape,4,"[1305, 1318, 1319, 2476]"
103.844908,1.29947,T Shape,3,"[1309, 1335, 1414]"
103.847356,1.298755,T Shape,3,"[1313, 1330, 1350]"
103.847467,1.298693,X Shape,4,"[1321, 1322, 1731, 4378]"
103.846216,1.299798,T Shape,3,"[1323, 1325, 6316]"
103.845812,1.299092,T Shape,3,"[1324, 3151, 4705]"
103.846141,1.299771,Other,3,"[1326, 1366, 3948]"
103.845982,1.299887,T Shape,3,"[1326, 1344, 1345]"
103.847334,1.298526,T Shape,3,"[1329, 1331, 1373]"
103.847413,1.298773,Other,3,"[1342, 1350, 1352]"
103.84623,1.299703,T Shape,3,"[1342, 1343, 5963]"
103.836693,1.300856,T Shape,3,"[1355, 1356, 2721]"
103.84968,1.299771,T Shape,3,"[1398, 1399, 3659]"
103.849824,1.300289,T Shape,3,"[1402, 1403, 1404]"
103.849553,1.289296,X Shape,4,"[1409, 1410, 1422, 5086]"
103.849503,1.292666,T Shape,3,"[1421, 5136, 5137]"
103.849826,1.288889,T Shape,3,"[1425, 6202, 6205]"
103.84136,1.291734,T Shape,3,"[1426, 1498, 2383]"
103.848904,1.288367,T Shape,3,"[1431, 2467, 4315]"
103.849846,1.298265,T Shape,3,"[1433, 2504, 3237]"
103.84975,1.297947,T Shape,3,"[1442, 1443, 1447]"
103.849712,1.2963,T Shape,3,"[1448, 5094, 6333]"
103.831726,1.292436,X Shape,4,"[1449, 2295, 5464, 5466]"
103.822488,1.287741,T Shape,3,"[1452, 3266, 3504]"
103.84781,1.285089,T Shape,3,"[1454, 4314, 4580]"
103.820237,1.288654,X Shape,4,"[1455, 2588, 3296, 3297]"
103.844357,1.288525,T Shape,3,"[1458, 3134, 4425]"
103.842773,1.289622,T Shape,3,"[1459, 3219, 3518]"
103.842543,1.287997,T Shape,3,"[1461, 1657, 4053]"
103.844519,1.286976,X Shape,4,"[1463, 1464, 2582, 3454]"
103.838782,1.290997,X Shape,4,"[1467, 2042, 2413, 2626]"
103.837849,1.288759,T Shape,3,"[1468, 1670, 2040]"
103.849844,1.289914,T Shape,3,"[1469, 2565, 4334]"
103.845781,1.286933,T Shape,3,"[1480, 1938, 3645]"
103.843754,1.287756,T Shape,3,"[1481, 1504, 4421]"
103.843575,1.287558,T Shape,3,"[1481, 4569, 4571]"
103.842698,1.288362,T Shape,3,"[1482, 4054, 6353]"
103.838334,1.289521,T Shape,3,"[1484, 3726, 6034]"
103.839685,1.290274,T Shape,3,"[1484, 1488, 5725]"
103.842481,1.291108,T Shape,3,"[1487, 1773, 1780]"
103.838837,1.290083,T Shape,3,"[1490, 1491, 2893]"
103.838737,1.289852,T Shape,3,"[1490, 1491, 2993]"
103.83493,1.291022,X Shape,4,"[1495, 2294, 4798, 5206]"
103.840503,1.291912,T Shape,3,"[1497, 5854, 5855]"
103.844207,1.288364,T Shape,3,"[1501, 2724, 4425]"
103.84427,1.288312,T Shape,3,"[1501, 4423, 4424]"
103.844007,1.288029,T Shape,3,"[1502, 4422, 4423]"
103.843861,1.287872,T Shape,3,"[1503, 4421, 4422]"
103.84369,1.287809,T Shape,3,"[1504, 4426, 4427]"
103.838946,1.291041,Crossing,4,"[1507, 1508, 2042, 2916]"
103.842064,1.290076,T Shape,3,"[1514, 1621, 2389]"
103.842118,1.290185,T Shape,3,"[1515, 2387, 2389]"
103.84138,1.299044,X Shape,4,"[1516, 3826, 3894, 4450]"
103.837371,1.296277,T Shape,3,"[1519, 3587, 3588]"
103.837428,1.295662,Crossing,4,"[1519, 1534, 1967, 1969]"
103.844007,1.294899,T Shape,3,"[1520, 3233, 3263]"
103.844125,1.294979,T Shape,3,"[1520, 3231, 3264]"
103.837555,1.295158,T Shape,3,"[1521, 2801, 2806]"
103.83748,1.295171,X Shape,4,"[1521, 2803, 2804, 2805]"
103.837374,1.295566,Crossing,4,"[1522, 1537, 1968, 1970]"
103.8369,1.293241,X Shape,4,"[1523, 1974, 1975, 5790]"
103.847548,1.302034,T Shape,3,"[1525, 3768, 4295]"
103.846317,1.302781,Crossing,4,"[1526, 4303, 4304, 6218]"
103.846119,1.302684,T Shape,3,"[1526, 2276, 2817]"
103.849461,1.302696,T Shape,3,"[1528, 5347, 5858]"
103.849536,1.303032,T Shape,3,"[1528, 3483, 5346]"
103.848803,1.302048,T Shape,3,"[1529, 3493, 3765]"
103.84871,1.301751,T Shape,3,"[1529, 3484, 3486]"
103.849993,1.304467,T Shape,3,"[1532, 2730, 4078]"
103.836563,1.295747,T Shape,3,"[1533, 2818, 3795]"
103.841294,1.295654,T Shape,3,"[1535, 2602, 4459]"
103.841413,1.295502,X Shape,4,"[1535, 2604, 3544, 5278]"
103.837838,1.295564,T Shape,3,"[1536, 2761, 2809]"
103.837493,1.295563,Crossing,4,"[1536, 1967, 1970, 2760]"
103.835524,1.295911,T Shape,3,"[1538, 2599, 2847]"
103.838188,1.291824,X Shape,4,"[1539, 2044, 3198, 4021]"
103.83441,1.286024,T Shape,3,"[1540, 2650, 2808]"
103.834812,1.28661,T Shape,3,"[1541, 2357, 3249]"
103.834895,1.285148,T Shape,3,"[1542, 3387, 4938]"
103.82205,1.304265,T Shape,3,"[1543, 4644, 4645]"
103.82555,1.288568,T Shape,3,"[1548, 1553, 5501]"
103.825459,1.288664,T Shape,3,"[1549, 1550, 5501]"
103.825706,1.288625,T Shape,3,"[1549, 1551, 5500]"
103.825581,1.288728,T Shape,3,"[1550, 1552, 1553]"
103.825644,1.288563,T Shape,3,"[1555, 2005, 5500]"
103.826808,1.293368,T Shape,3,"[1557, 1559, 5456]"
103.826732,1.293618,T Shape,3,"[1558, 2346, 5394]"
103.826866,1.293404,T Shape,3,"[1559, 2347, 5455]"
103.826775,1.293547,T Shape,3,"[1560, 1561, 2346]"
103.826816,1.29348,T Shape,3,"[1563, 2347, 3543]"
103.825622,1.296296,T Shape,3,"[1564, 2852, 2908]"
103.828082,1.294476,X Shape,4,"[1565, 2001, 2002, 3548]"
103.828546,1.29471,T Shape,3,"[1569, 1573, 1574]"
103.828521,1.294779,T Shape,3,"[1570, 1571, 4492]"
103.829179,1.295212,T Shape,3,"[1572, 4226, 4227]"
103.829267,1.295255,X Shape,4,"[1572, 1998, 1999, 3545]"
103.828129,1.29441,T Shape,3,"[1574, 2001, 4496]"
103.829824,1.29547,T Shape,3,"[1577, 1999, 2784]"
103.832603,1.296322,X Shape,4,"[1579, 3851, 4670, 6307]"
103.833479,1.296287,X Shape,4,"[1579, 1994, 4793, 6308]"
103.833798,1.296202,T Shape,3,"[1582, 1583, 1992]"
103.833468,1.296193,T Shape,3,"[1585, 6308, 6309]"
103.833337,1.296207,T Shape,3,"[1585, 5970, 6310]"
103.837298,1.295671,Crossing,4,"[1587, 1968, 1969, 2350]"
103.844359,1.292644,T Shape,3,"[1590, 2213, 2627]"
103.83983,1.286795,T Shape,3,"[1595, 1596, 3950]"
103.840091,1.287263,T Shape,3,"[1602, 2535, 4935]"
103.838891,1.286529,T Shape,3,"[1604, 4659, 4660]"
103.834571,1.290367,T Shape,3,"[1608, 2513, 3138]"
103.835087,1.287186,T Shape,3,"[1609, 2652, 2672]"
103.821879,1.303784,T Shape,3,"[1613, 3880, 3881]"
103.820869,1.302883,T Shape,3,"[1613, 2926, 4646]"
103.842586,1.293668,T Shape,3,"[1615, 2558, 3155]"
103.842394,1.293462,T Shape,3,"[1615, 2983, 4454]"
103.842146,1.290029,X Shape,4,"[1619, 1620, 1621, 2388]"
103.849637,1.29248,X Shape,4,"[1622, 1623, 1624, 2667]"
103.849461,1.292003,T Shape,3,"[1624, 3858, 4401]"
103.821998,1.291013,T Shape,3,"[1626, 2676, 6259]"
103.845656,1.285717,T Shape,3,"[1632, 3446, 3448]"
103.844814,1.285777,T Shape,3,"[1633, 2354, 4142]"
103.844517,1.285424,T Shape,3,"[1633, 2355, 4970]"
103.844681,1.28593,T Shape,3,"[1635, 3499, 4140]"
103.831762,1.290354,T Shape,3,"[1640, 2660, 4246]"
103.832569,1.290317,T Shape,3,"[1643, 4715, 4717]"
103.837074,1.288824,T Shape,3,"[1647, 2144, 3442]"
103.837005,1.28883,X Shape,4,"[1647, 2306, 3255, 3261]"
103.836918,1.288839,T Shape,3,"[1648, 2653, 3261]"
103.836477,1.288721,T Shape,3,"[1648, 4034, 5005]"
103.837182,1.288815,T Shape,3,"[1649, 3254, 3442]"
103.840596,1.288985,T Shape,3,"[1653, 2531, 4924]"
103.84177,1.288336,T Shape,3,"[1656, 1657, 4925]"
103.846524,1.28581,T Shape,3,"[1664, 3751, 4934]"
103.842918,1.285785,T Shape,3,"[1666, 2557, 2892]"
103.835938,1.288998,T Shape,3,"[1671, 2653, 2678]"
103.833469,1.289464,T Shape,3,"[1673, 2125, 2737]"
103.833428,1.2897,T Shape,3,"[1673, 2124, 2580]"
103.831014,1.294,T Shape,3,"[1679, 2173, 4817]"
103.829332,1.300548,T Shape,3,"[1684, 2919, 4905]"
103.830244,1.303148,T Shape,3,"[1686, 3184, 6287]"
103.829452,1.301323,T Shape,3,"[1688, 1708, 2617]"
103.830376,1.30338,T Shape,3,"[1690, 1691, 3184]"
103.830299,1.304199,T Shape,3,"[1691, 2540, 2541]"
103.8292,1.29905,T Shape,3,"[1697, 1699, 2054]"
103.829206,1.298909,T Shape,3,"[1699, 2053, 2663]"
103.833458,1.303069,T Shape,3,"[1701, 2814, 2815]"
103.837963,1.285976,T Shape,3,"[1705, 1706, 4936]"
103.829529,1.301164,T Shape,3,"[1708, 1709, 2977]"
103.834748,1.286723,T Shape,3,"[1711, 2356, 4204]"
103.827307,1.285026,T Shape,3,"[1712, 2979, 3121]"
103.827254,1.285208,T Shape,3,"[1713, 2978, 2979]"
103.829422,1.285347,X Shape,4,"[1714, 1988, 1990, 4430]"
103.82948,1.285349,T Shape,3,"[1714, 1987, 4428]"
103.828431,1.285161,T Shape,3,"[1715, 2153, 2733]"
103.849167,1.297461,T Shape,3,"[1716, 1811, 4431]"
103.830103,1.285948,X Shape,4,"[1718, 1977, 1978, 2649]"
103.830104,1.285869,X Shape,4,"[1719, 1977, 3244, 3834]"
103.844208,1.294171,T Shape,3,"[1721, 2202, 4917]"
103.837815,1.29959,T Shape,3,"[1722, 1800, 2711]"
103.823554,1.302957,Crossing,4,"[1726, 2058, 2537, 3197]"
103.823347,1.304522,T Shape,3,"[1729, 1758, 2749]"
103.823571,1.303979,T Shape,3,"[1730, 2382, 3867]"
103.834718,1.303494,T Shape,3,"[1734, 3874, 3947]"
103.830655,1.304111,T Shape,3,"[1743, 3308, 5101]"
103.829521,1.304633,T Shape,3,"[1744, 1745, 5106]"
103.829598,1.304609,T Shape,3,"[1745, 3936, 5397]"
103.839563,1.299225,Crossing,4,"[1749, 3741, 3773, 3774]"
103.823342,1.302447,T Shape,3,"[1751, 2095, 2696]"
103.823434,1.302974,T Shape,3,"[1751, 2058, 2704]"
103.824206,1.304075,T Shape,3,"[1755, 2823, 2824]"
103.823818,1.304027,T Shape,3,"[1756, 2382, 2873]"
103.823619,1.287959,Crossing,4,"[1760, 1761, 2256, 2267]"
103.824414,1.287686,T Shape,3,"[1761, 2186, 2187]"
103.824826,1.287104,T Shape,3,"[1763, 2181, 2183]"
103.824562,1.287129,Other,3,"[1764, 1766, 2181]"
103.822728,1.288267,Crossing,4,"[1764, 4235, 4237, 4238]"
103.824463,1.287549,T Shape,3,"[1767, 2186, 2187]"
103.824475,1.287532,Other,3,"[1767, 2188, 2258]"
103.842073,1.290409,T Shape,3,"[1772, 5128, 5727]"
103.84395,1.29076,T Shape,3,"[1774, 1791, 1792]"
103.842803,1.291106,T Shape,3,"[1778, 1781, 5122]"
103.842437,1.290459,T Shape,3,"[1779, 1784, 2318]"
103.842253,1.290148,Other,3,"[1786, 1788, 1789]"
103.84288,1.290546,T Shape,3,"[1792, 2318, 2319]"
103.836901,1.29976,Crossing,4,"[1794, 1796, 4893, 5167]"
103.837639,1.298867,T Shape,3,"[1798, 2710, 3334]"
103.838891,1.299367,T Shape,3,"[1802, 2703, 3896]"
103.840465,1.300293,T Shape,3,"[1808, 2718, 2719]"
103.840582,1.299981,T Shape,3,"[1809, 2553, 3202]"
103.83786,1.298114,T Shape,3,"[1814, 3336, 4842]"
103.837944,1.299673,T Shape,3,"[1815, 5762, 5763]"
103.838443,1.299948,T Shape,3,"[1816, 2191, 2192]"
103.838447,1.299907,T Shape,3,"[1816, 2189, 2190]"
103.838386,1.299563,T Shape,3,"[1817, 1818, 5762]"
103.838391,1.300463,T Shape,3,"[1823, 1826, 2693]"
103.838129,1.300519,T Shape,3,"[1823, 2716, 4889]"
103.848065,1.288164,T Shape,3,"[1835, 1836, 3467]"
103.847973,1.288027,T Shape,3,"[1836, 4331, 4837]"
103.824556,1.290313,T Shape,3,"[1846, 1849, 2166]"
103.824847,1.290351,T Shape,3,"[1850, 1851, 1852]"
103.824834,1.290317,T Shape,3,"[1850, 2166, 2897]"
103.839223,1.292317,T Shape,3,"[1853, 3981, 3982]"
103.839311,1.292444,T Shape,3,"[1854, 3981, 4453]"
103.83789,1.286476,T Shape,3,"[1860, 1861, 2901]"
103.837701,1.286397,T Shape,3,"[1860, 2837, 3519]"
103.829231,1.28824,T Shape,3,"[1866, 3977, 3978]"
103.847535,1.296174,Other,3,"[1874, 1875, 1876]"
103.84758,1.294309,T Shape,3,"[1886, 1887, 3652]"
103.845489,1.296904,T Shape,3,"[1889, 3108, 3440]"
103.8458,1.295378,T Shape,3,"[1890, 1891, 5637]"
103.844225,1.291904,T Shape,3,"[1899, 4320, 5943]"
103.845192,1.28507,T Shape,3,"[1900, 2199, 2783]"
103.84367,1.301176,T Shape,3,"[1902, 2728, 4265]"
103.843406,1.300858,T Shape,3,"[1902, 4681, 4682]"
103.840273,1.292989,T Shape,3,"[1903, 3119, 4741]"
103.828617,1.295714,T Shape,3,"[1904, 2912, 2992]"
103.820581,1.285195,T Shape,3,"[1905, 4638, 4710]"
103.829083,1.297074,T Shape,3,"[1907, 1909, 3790]"
103.828908,1.297658,T Shape,3,"[1908, 3040, 3791]"
103.840823,1.304901,T Shape,3,"[1910, 3058, 4593]"
103.83169,1.298343,T Shape,3,"[1911, 2853, 4084]"
103.832268,1.298711,T Shape,3,"[1911, 1912, 1912]"
103.832126,1.297503,T Shape,3,"[1913, 2853, 2854]"
103.826357,1.30266,T Shape,3,"[1914, 1915, 4852]"
103.826453,1.302687,T Shape,3,"[1915, 2833, 3524]"
103.839311,1.293387,T Shape,3,"[1916, 3988, 6407]"
103.829462,1.285842,X Shape,4,"[1920, 1979, 1989, 4577]"
103.829411,1.28584,X Shape,4,"[1920, 1922, 1980, 2732]"
103.829404,1.285918,T Shape,3,"[1921, 1922, 4573]"
103.82946,1.285921,T Shape,3,"[1921, 1978, 1979]"
103.820076,1.286357,T Shape,3,"[1925, 4474, 4475]"
103.84378,1.289946,Other,3,"[1926, 1926, 4318]"
103.840549,1.299989,T Shape,3,"[1927, 2553, 3201]"
103.847949,1.290154,T Shape,3,"[1932, 2322, 2393]"
103.828388,1.289991,Other,3,"[1942, 2340, 2343]"
103.827331,1.28772,X Shape,4,"[1943, 3104, 4821, 5490]"
103.826721,1.290264,T Shape,3,"[1945, 4439, 5491]"
103.826346,1.290436,Other,3,"[1946, 1947, 5492]"
103.826061,1.29043,Other,3,"[1946, 1951, 1952]"
103.82637,1.290692,Other,3,"[1947, 1948, 1949]"
103.826085,1.290704,Other,3,"[1949, 1950, 1951]"
103.826423,1.29032,X Shape,4,"[1953, 4233, 4436, 5492]"
103.844517,1.292374,T Shape,3,"[1956, 2562, 4320]"
103.844356,1.292498,T Shape,3,"[1956, 4335, 4534]"
103.840916,1.295847,T Shape,3,"[1957, 2612, 3857]"
103.840512,1.295957,X Shape,4,"[1958, 1959, 2779, 3176]"
103.840497,1.295882,T Shape,3,"[1958, 2780, 3857]"
103.840091,1.295922,T Shape,3,"[1960, 1963, 2781]"
103.840094,1.295854,X Shape,4,"[1962, 1963, 2780, 3525]"
103.838781,1.295705,X Shape,4,"[1964, 1966, 3565, 4458]"
103.837984,1.29566,T Shape,3,"[1965, 2386, 2810]"
103.838308,1.295695,T Shape,3,"[1965, 3898, 4907]"
103.838778,1.295778,X Shape,4,"[1966, 2776, 2777, 3897]"
103.836988,1.293239,T Shape,3,"[1971, 1972, 1974]"
103.836984,1.293302,T Shape,3,"[1972, 1973, 4463]"
103.836904,1.293299,X Shape,4,"[1973, 1975, 3800, 3838]"
103.827193,1.286006,T Shape,3,"[1983, 1984, 3934]"
103.827261,1.285996,T Shape,3,"[1983, 1985, 4575]"
103.827249,1.285931,X Shape,4,"[1985, 1986, 2498, 2726]"
103.82948,1.285407,T Shape,3,"[1989, 4428, 4429]"
103.829422,1.285404,X Shape,4,"[1990, 2732, 2891, 4429]"
103.834107,1.296116,T Shape,3,"[1991, 2758, 4595]"
103.833928,1.296142,T Shape,3,"[1991, 1992, 3796]"
103.833586,1.296167,T Shape,3,"[1993, 5718, 6309]"
103.829297,1.295194,T Shape,3,"[1996, 1998, 2762]"
103.826926,1.293557,T Shape,3,"[2003, 2128, 3543]"
103.82597,1.29283,X Shape,4,"[2004, 2059, 2766, 5619]"
103.826065,1.292796,T Shape,3,"[2004, 3203, 5618]"
103.830114,1.285547,T Shape,3,"[2007, 3835, 3836]"
103.830604,1.285886,T Shape,3,"[2009, 2659, 4578]"
103.831495,1.285921,T Shape,3,"[2010, 2659, 4579]"
103.843423,1.294174,T Shape,3,"[2015, 3421, 4324]"
103.84366,1.293218,Other,3,"[2017, 5117, 6076]"
103.826028,1.291434,T Shape,3,"[2022, 2681, 2689]"
103.825841,1.291431,T Shape,3,"[2023, 2107, 2689]"
103.839801,1.299323,T Shape,3,"[2024, 5108, 5430]"
103.822783,1.304832,Other,3,"[2025, 2026, 2027]"
103.830238,1.299284,Other,3,"[2031, 3306, 5237]"
103.829901,1.299055,Other,3,"[2032, 3306, 5181]"
103.829816,1.29933,Other,3,"[2032, 2033, 5384]"
103.830159,1.296641,T Shape,3,"[2034, 3848, 4125]"
103.83815,1.291753,T Shape,3,"[2045, 4021, 4055]"
103.83767,1.291992,X Shape,4,"[2046, 2047, 3213, 3660]"
103.837707,1.292058,T Shape,3,"[2047, 2048, 3198]"
103.837631,1.292103,X Shape,4,"[2048, 2049, 3319, 4464]"
103.83245,1.299761,X Shape,4,"[2050, 3784, 3785, 3786]"
103.832542,1.299848,T Shape,3,"[2052, 2770, 3783]"
103.832547,1.299767,X Shape,4,"[2052, 2606, 2622, 3784]"
103.823321,1.300946,T Shape,3,"[2055, 5178, 5179]"
103.827606,1.299096,T Shape,3,"[2056, 2077, 3153]"
103.824727,1.300066,X Shape,4,"[2057, 2597, 2598, 2821]"
103.824674,1.299983,T Shape,3,"[2057, 2616, 2822]"
103.825754,1.292918,T Shape,3,"[2059, 4077, 5634]"
103.848321,1.304156,T Shape,3,"[2062, 2065, 5904]"
103.84735,1.304109,Crossing,4,"[2063, 2067, 2070, 2325]"
103.847702,1.303976,T Shape,3,"[2068, 2070, 2071]"
103.837472,1.29945,T Shape,3,"[2072, 2073, 2709]"
103.83725,1.299711,T Shape,3,"[2072, 2713, 2714]"
103.837615,1.299632,T Shape,3,"[2073, 2711, 2712]"
103.841943,1.286137,Other,3,"[2074, 2075, 2076]"
103.822012,1.286238,T Shape,3,"[2078, 2589, 2590]"
103.821869,1.286032,T Shape,3,"[2079, 2589, 3221]"
103.823271,1.289969,T Shape,3,"[2081, 2082, 3828]"
103.824775,1.291344,T Shape,3,"[2083, 2085, 4878]"
103.823453,1.291395,T Shape,3,"[2084, 6177, 6179]"
103.823452,1.29137,T Shape,3,"[2084, 2403, 2990]"
103.823655,1.291062,Other,3,"[2085, 2086, 4026]"
103.823273,1.291488,X Shape,4,"[2087, 3670, 4039, 4041]"
103.823269,1.291415,X Shape,4,"[2088, 3666, 3667, 4039]"
103.822017,1.293234,T Shape,3,"[2089, 2090, 4487]"
103.821931,1.293285,T Shape,3,"[2090, 2628, 5828]"
103.821772,1.29307,T Shape,3,"[2092, 5825, 5828]"
103.823069,1.302292,T Shape,3,"[2094, 2706, 4456]"
103.823108,1.30232,T Shape,3,"[2095, 2096, 4456]"
103.823326,1.302233,T Shape,3,"[2096, 2696, 2697]"
103.825392,1.29372,T Shape,3,"[2098, 2099, 3086]"
103.82692,1.29486,T Shape,3,"[2100, 2763, 4491]"
103.823421,1.292328,T Shape,3,"[2101, 2102, 3087]"
103.825185,1.294148,T Shape,3,"[2104, 2105, 3092]"
103.82571,1.291678,T Shape,3,"[2106, 4875, 4877]"
103.825766,1.291203,T Shape,3,"[2107, 2109, 4873]"
103.824904,1.290827,T Shape,3,"[2108, 4803, 4874]"
103.826674,1.28751,T Shape,3,"[2113, 2740, 3288]"
103.830431,1.290216,T Shape,3,"[2115, 4516, 4810]"
103.829636,1.289684,T Shape,3,"[2117, 2578, 4075]"
103.829795,1.289684,T Shape,3,"[2117, 4869, 4870]"
103.831433,1.289379,T Shape,3,"[2120, 2786, 2787]"
103.833079,1.289587,T Shape,3,"[2123, 2657, 2991]"
103.833185,1.289588,T Shape,3,"[2124, 2125, 2991]"
103.827046,1.293403,T Shape,3,"[2128, 2129, 2922]"
103.83213,1.291283,T Shape,3,"[2131, 2133, 2788]"
103.831999,1.291282,T Shape,3,"[2132, 2133, 2920]"
103.834641,1.287998,T Shape,3,"[2135, 3097, 4751]"
103.837532,1.286585,T Shape,3,"[2136, 2138, 4937]"
103.837652,1.286626,T Shape,3,"[2137, 2836, 2838]"
103.837664,1.288594,T Shape,3,"[2143, 4028, 4029]"
103.837084,1.2886,T Shape,3,"[2144, 2984, 2989]"
103.835641,1.285792,T Shape,3,"[2146, 2147, 3567]"
103.829187,1.285382,T Shape,3,"[2150, 2733, 2891]"
103.829185,1.28562,T Shape,3,"[2150, 2151, 3060]"
103.828412,1.285555,T Shape,3,"[2151, 2152, 2153]"
103.840691,1.289174,Other,3,"[2154, 2155, 3085]"
103.837097,1.28902,X Shape,4,"[2157, 3246, 3254, 3262]"
103.836164,1.289288,T Shape,3,"[2158, 2918, 4027]"
103.83402,1.291389,T Shape,3,"[2159, 2510, 3238]"
103.837154,1.2935,T Shape,3,"[2160, 2161, 3799]"
103.843024,1.293396,T Shape,3,"[2162, 2558, 2559]"
103.836914,1.293444,X Shape,4,"[2165, 2882, 3800, 4467]"
103.836976,1.293437,X Shape,4,"[2165, 3799, 4463, 4466]"
103.824845,1.28974,T Shape,3,"[2167, 2897, 3359]"
103.823015,1.290039,T Shape,3,"[2169, 2699, 3241]"
103.823056,1.29018,T Shape,3,"[2172, 2699, 2827]"
103.826384,1.294634,T Shape,3,"[2175, 2866, 4049]"
103.824675,1.287515,T Shape,3,"[2182, 2258, 2259]"
103.838058,1.297323,Crossing,4,"[2184, 2790, 3596, 4847]"
103.838021,1.297574,Crossing,4,"[2184, 2185, 2722, 5891]"
103.838147,1.297427,X Shape,4,"[2185, 2790, 2849, 3595]"
103.849827,1.293706,X Shape,4,"[2206, 3051, 3522, 4615]"
103.849943,1.293923,T Shape,3,"[2206, 2227, 3050]"
103.84904,1.293588,T Shape,3,"[2208, 3267, 4611]"
103.84349,1.294368,T Shape,3,"[2211, 3422, 4325]"
103.84428,1.292555,T Shape,3,"[2213, 4534, 4704]"
103.848205,1.288778,T Shape,3,"[2214, 2896, 2985]"
103.84803,1.287594,T Shape,3,"[2216, 3458, 4625]"
103.829911,1.302769,T Shape,3,"[2218, 3307, 5371]"
103.849881,1.294422,T Shape,3,"[2226, 3568, 4610]"
103.824103,1.30407,T Shape,3,"[2234, 2823, 2873]"
103.836068,1.296442,T Shape,3,"[2236, 2238, 4897]"
103.835896,1.29633,T Shape,3,"[2237, 2819, 2820]"
103.836039,1.296369,T Shape,3,"[2237, 2238, 4896]"
103.834171,1.296272,T Shape,3,"[2239, 4596, 4597]"
103.834279,1.296091,T Shape,3,"[2239, 2768, 3902]"
103.837006,1.296854,T Shape,3,"[2240, 2241, 3080]"
103.838714,1.304153,T Shape,3,"[2243, 4072, 4267]"
103.826663,1.300057,T Shape,3,"[2245, 2246, 3069]"
103.826968,1.299142,T Shape,3,"[2245, 2807, 3154]"
103.826402,1.300219,T Shape,3,"[2247, 2999, 3001]"
103.826389,1.300094,T Shape,3,"[2247, 3069, 3070]"
103.829935,1.301165,T Shape,3,"[2249, 2250, 3081]"
103.829826,1.300976,T Shape,3,"[2250, 2976, 2977]"
103.829962,1.301214,Other,3,"[2251, 3081, 4899]"
103.829155,1.300484,T Shape,3,"[2252, 2253, 2919]"
103.823293,1.287831,Other,3,"[2255, 2256, 5894]"
103.824919,1.287618,T Shape,3,"[2263, 5846, 5847]"
103.84605,1.302988,T Shape,3,"[2276, 3175, 4304]"
103.847896,1.303585,X Shape,4,"[2277, 2278, 3090, 5344]"
103.848035,1.303507,T Shape,3,"[2277, 3089, 3090]"
103.848088,1.303478,T Shape,3,"[2278, 3089, 4376]"
103.849776,1.304614,T Shape,3,"[2279, 4078, 4885]"
103.848629,1.293347,T Shape,3,"[2291, 4694, 4712]"
103.848518,1.293547,T Shape,3,"[2291, 4696, 4711]"
103.848816,1.293028,T Shape,3,"[2292, 4687, 4714]"
103.848738,1.293154,X Shape,4,"[2292, 3942, 4918, 5008]"
103.839344,1.290177,Other,3,"[2296, 2296, 2298]"
103.839143,1.290126,Other,3,"[2299, 2301, 2301]"
103.836994,1.288574,T Shape,3,"[2306, 4033, 4036]"
103.836569,1.288534,T Shape,3,"[2307, 4034, 4035]"
103.843258,1.289219,T Shape,3,"[2313, 2314, 2316]"
103.842741,1.289574,T Shape,3,"[2313, 3518, 4927]"
103.834675,1.28859,T Shape,3,"[2323, 3123, 3967]"
103.835062,1.28853,T Shape,3,"[2323, 2516, 2517]"
103.84594,1.288756,T Shape,3,"[2324, 2965, 2967]"
103.837782,1.303212,T Shape,3,"[2331, 2520, 3888]"
103.837356,1.30323,T Shape,3,"[2331, 4007, 4008]"
103.833519,1.30284,Other,3,"[2332, 2333, 5327]"
103.834837,1.300553,X Shape,4,"[2332, 5327, 5330, 5331]"
103.83155,1.292313,X Shape,4,"[2336, 5464, 5971, 5972]"
103.828414,1.289803,T Shape,3,"[2339, 2340, 2343]"
103.829248,1.287124,T Shape,3,"[2344, 2345, 3116]"
103.829245,1.287298,T Shape,3,"[2345, 3062, 3065]"
103.839147,1.298685,T Shape,3,"[2351, 2619, 4555]"
103.839172,1.298715,T Shape,3,"[2351, 4827, 4828]"
103.840287,1.300053,Crossing,4,"[2353, 2694, 2720, 3201]"
103.840181,1.29994,Crossing,4,"[2353, 2691, 5225, 5584]"
103.834784,1.286839,T Shape,3,"[2356, 5015, 5016]"
103.828755,1.290609,T Shape,3,"[2360, 2361, 4243]"
103.822176,1.299872,Other,3,"[2369, 3630, 3631]"
103.822578,1.299989,T Shape,3,"[2381, 3016, 3100]"
103.822444,1.30004,T Shape,3,"[2381, 3100, 3101]"
103.8371,1.295834,Other,3,"[2384, 5112, 5170]"
103.822272,1.304167,T Shape,3,"[2385, 2995, 2996]"
103.823237,1.290894,X Shape,4,"[2391, 3663, 3666, 3669]"
103.827398,1.286824,T Shape,3,"[2404, 2904, 3932]"
103.844132,1.292809,T Shape,3,"[2408, 2624, 4184]"
103.844204,1.29276,X Shape,4,"[2408, 2624, 2627, 6085]"
103.843851,1.293104,Crossing,4,"[2409, 5117, 5121, 6075]"
103.820084,1.293596,T Shape,3,"[2416, 2628, 3253]"
103.826008,1.285666,X Shape,4,"[2418, 2419, 2423, 2424]"
103.825129,1.286266,T Shape,3,"[2420, 4135, 4137]"
103.826958,1.285674,T Shape,3,"[2422, 2449, 2450]"
103.826006,1.285438,Other,3,"[2424, 2425, 2425]"
103.825587,1.285696,T Shape,3,"[2431, 2461, 3610]"
103.825356,1.285436,X Shape,4,"[2432, 2489, 2491, 5459]"
103.825338,1.285296,T Shape,3,"[2433, 2491, 2492]"
103.825515,1.285884,X Shape,4,"[2434, 2487, 2489, 5439]"
103.826393,1.285774,Other,3,"[2437, 2439, 2440]"
103.826495,1.285361,T Shape,3,"[2447, 3022, 3026]"
103.825447,1.286446,T Shape,3,"[2451, 2453, 4136]"
103.825152,1.286509,Other,3,"[2452, 2453, 4135]"
103.825309,1.285075,T Shape,3,"[2462, 2492, 2493]"
103.827456,1.286054,T Shape,3,"[2464, 2748, 3617]"
103.848844,1.288269,T Shape,3,"[2467, 2468, 2669]"
103.848753,1.288126,T Shape,3,"[2468, 2668, 4330]"
103.847532,1.298694,X Shape,4,"[2469, 4378, 4381, 4383]"
103.826989,1.285759,X Shape,4,"[2470, 2471, 2472, 3604]"
103.827111,1.285674,T Shape,3,"[2473, 2494, 3605]"
103.826567,1.285951,T Shape,3,"[2486, 2488, 3604]"
103.826026,1.286021,Crossing,4,"[2486, 2495, 5438, 5439]"
103.825419,1.286191,T Shape,3,"[2487, 4136, 4137]"
103.826019,1.285899,X Shape,4,"[2495, 2752, 3025, 3099]"
103.849338,1.297654,T Shape,3,"[2503, 4266, 4394]"
103.834167,1.29112,T Shape,3,"[2510, 4744, 4746]"
103.83463,1.290478,T Shape,3,"[2513, 2902, 3761]"
103.835033,1.28797,T Shape,3,"[2517, 2651, 2652]"
103.839345,1.303075,T Shape,3,"[2519, 3342, 3343]"
103.837791,1.302891,T Shape,3,"[2521, 2869, 4863]"
103.836733,1.304662,T Shape,3,"[2524, 3882, 4808]"
103.836543,1.304267,T Shape,3,"[2526, 5700, 5701]"
103.834616,1.304466,T Shape,3,"[2529, 4564, 4602]"
103.82522,1.304406,T Shape,3,"[2544, 3655, 3823]"
103.825916,1.304803,T Shape,3,"[2547, 2548, 2549]"
103.825745,1.304476,T Shape,3,"[2547, 2550, 4530]"
103.825971,1.304834,T Shape,3,"[2548, 3756, 3757]"
103.843142,1.300868,T Shape,3,"[2555, 4679, 4680]"
103.848519,1.285081,T Shape,3,"[2567, 4549, 4933]"
103.836876,1.287058,T Shape,3,"[2573, 2574, 2575]"
103.823228,1.290752,X Shape,4,"[2584, 2585, 2640, 3669]"
103.828783,1.302283,T Shape,3,"[2591, 2592, 2593]"
103.829002,1.302131,T Shape,3,"[2593, 2595, 3075]"
103.824194,1.300338,T Shape,3,"[2597, 3528, 3864]"
103.825714,1.299491,T Shape,3,"[2598, 2785, 5177]"
103.835191,1.295959,T Shape,3,"[2599, 3850, 5341]"
103.83788,1.290473,X Shape,4,"[2601, 3082, 3996, 5232]"
103.841756,1.294889,T Shape,3,"[2604, 5528, 5531]"
103.826102,1.299294,T Shape,3,"[2613, 2614, 4536]"
103.830218,1.296102,T Shape,3,"[2615, 2943, 4125]"
103.823338,1.297873,T Shape,3,"[2623, 2910, 3564]"
103.849306,1.291695,T Shape,3,"[2632, 2635, 4488]"
103.837299,1.296312,Crossing,4,"[2639, 3586, 3587, 3589]"
103.823097,1.290763,X Shape,4,"[2640, 3664, 3665, 3671]"
103.831415,1.292815,T Shape,3,"[2643, 2682, 3146]"
103.8314,1.292855,T Shape,3,"[2644, 3146, 4866]"
103.831322,1.293128,T Shape,3,"[2644, 4493, 5209]"
103.829901,1.28883,X Shape,4,"[2654, 4051, 4433, 5538]"
103.830379,1.288951,T Shape,3,"[2654, 4510, 4511]"
103.829232,1.288865,T Shape,3,"[2655, 3842, 4506]"
103.828146,1.29891,T Shape,3,"[2663, 3861, 5186]"
103.839883,1.291452,T Shape,3,"[2664, 2665, 3316]"
103.840038,1.291561,T Shape,3,"[2665, 3315, 6280]"
103.841535,1.293245,T Shape,3,"[2666, 5731, 5732]"
103.848701,1.288047,T Shape,3,"[2668, 5392, 5514]"
103.825966,1.292211,T Shape,3,"[2671, 3256, 3257]"
103.835721,1.288205,Crossing,4,"[2672, 2673, 3125, 4940]"
103.836027,1.288417,T Shape,3,"[2677, 2678, 3145]"
103.825965,1.291684,T Shape,3,"[2681, 4499, 4875]"
103.845852,1.303273,T Shape,3,"[2684, 3174, 3175]"
103.843813,1.298153,T Shape,3,"[2686, 3258, 3260]"
103.831643,1.303334,T Shape,3,"[2688, 3563, 4390]"
103.840108,1.300091,T Shape,3,"[2695, 3740, 3869]"
103.821971,1.288786,T Shape,3,"[2700, 3743, 3748]"
103.836924,1.299783,T Shape,3,"[2714, 2715, 4893]"
103.837898,1.300566,T Shape,3,"[2716, 3208, 3960]"
103.838014,1.297606,X Shape,4,"[2722, 4096, 4894, 5891]"
103.837964,1.297769,T Shape,3,"[2723, 4096, 4843]"
103.837065,1.301517,T Shape,3,"[2738, 3887, 3920]"
103.849677,1.304086,X Shape,4,"[2739, 3476, 3479, 5484]"
103.849713,1.304396,T Shape,3,"[2739, 3531, 4738]"
103.826459,1.288051,T Shape,3,"[2741, 3102, 3103]"
103.82647,1.287915,T Shape,3,"[2741, 4030, 4031]"
103.826485,1.286185,Other,3,"[2746, 5436, 5437]"
103.827445,1.286003,T Shape,3,"[2748, 3613, 3615]"
103.832878,1.30227,T Shape,3,"[2750, 3162, 3163]"
103.824765,1.286884,T Shape,3,"[2755, 3236, 3364]"
103.834165,1.296347,T Shape,3,"[2758, 3502, 4597]"
103.837564,1.295264,T Shape,3,"[2760, 2761, 2802]"
103.84276,1.297745,T Shape,3,"[2765, 4724, 4880]"
103.842114,1.294254,T Shape,3,"[2769, 3792, 3793]"
103.822001,1.304075,T Shape,3,"[2774, 3880, 4644]"
103.838836,1.295788,T Shape,3,"[2777, 4620, 4909]"
103.839261,1.295787,T Shape,3,"[2778, 2880, 3856]"
103.837958,1.297203,T Shape,3,"[2789, 2791, 4553]"
103.829621,1.2888,X Shape,4,"[2794, 3843, 4044, 4505]"
103.829691,1.288802,T Shape,3,"[2794, 4051, 4840]"
103.825682,1.292946,T Shape,3,"[2796, 4050, 5635]"
103.824257,1.294275,T Shape,3,"[2798, 2865, 4813]"
103.824119,1.294352,T Shape,3,"[2798, 3535, 3537]"
103.824345,1.294146,T Shape,3,"[2799, 2947, 4813]"
103.821434,1.294997,T Shape,3,"[2811, 5377, 5486]"
103.824078,1.29437,T Shape,3,"[2812, 3537, 4048]"
103.822762,1.295072,T Shape,3,"[2812, 2937, 3536]"
103.826207,1.295838,X Shape,4,"[2813, 2835, 3533, 5243]"
103.846192,1.302235,T Shape,3,"[2816, 3767, 4302]"
103.83599,1.295844,T Shape,3,"[2820, 3854, 3855]"
103.824949,1.300432,T Shape,3,"[2821, 3558, 5171]"
103.824339,1.304042,T Shape,3,"[2824, 3541, 3569]"
103.836324,1.303698,T Shape,3,"[2825, 3240, 4858]"
103.823137,1.290475,T Shape,3,"[2827, 3671, 4373]"
103.823001,1.289989,T Shape,3,"[2828, 3241, 3745]"
103.83776,1.296948,T Shape,3,"[2830, 3598, 4554]"
103.826701,1.301792,T Shape,3,"[2832, 5239, 5240]"
103.8264,1.302862,T Shape,3,"[2833, 4850, 4851]"
103.834378,1.303677,T Shape,3,"[2842, 3508, 3875]"
103.843207,1.30063,T Shape,3,"[2843, 4682, 4776]"
103.841368,1.303866,T Shape,3,"[2851, 3510, 6284]"
103.832472,1.296823,T Shape,3,"[2854, 3562, 4812]"
103.820426,1.301782,T Shape,3,"[2856, 3915, 3916]"
103.821296,1.301444,T Shape,3,"[2857, 3912, 3913]"
103.82248,1.301708,T Shape,3,"[2858, 3908, 3909]"
103.82445,1.294697,T Shape,3,"[2865, 3124, 4046]"
103.837192,1.300725,T Shape,3,"[2868, 3762, 3763]"
103.837332,1.303186,X Shape,4,"[2869, 2870, 4008, 4613]"
103.837052,1.30332,X Shape,4,"[2870, 4011, 4067, 4853]"
103.836226,1.304825,T Shape,3,"[2871, 4806, 4807]"
103.837379,1.304266,T Shape,3,"[2872, 3892, 3893]"
103.838772,1.297675,T Shape,3,"[2875, 3507, 4675]"
103.839438,1.298513,Crossing,4,"[2876, 3333, 4830, 5386]"
103.841896,1.298399,T Shape,3,"[2877, 4364, 4365]"
103.84126,1.29284,T Shape,3,"[2878, 3105, 3405]"
103.838757,1.295972,T Shape,3,"[2881, 3897, 3898]"
103.831012,1.298871,Other,3,"[2883, 2886, 4098]"
103.83158,1.298575,T Shape,3,"[2885, 4083, 4084]"
103.831645,1.302035,T Shape,3,"[2887, 2981, 5689]"
103.828632,1.299406,T Shape,3,"[2888, 3160, 3161]"
103.839369,1.293553,T Shape,3,"[2889, 3038, 3118]"
103.841548,1.298792,T Shape,3,"[2890, 4720, 4906]"
103.841892,1.292171,T Shape,3,"[2894, 3416, 4857]"
103.848876,1.287109,T Shape,3,"[2895, 4328, 4329]"
103.827054,1.29203,T Shape,3,"[2898, 3034, 3966]"
103.827884,1.292019,T Shape,3,"[2898, 2900, 3965]"
103.822254,1.285911,T Shape,3,"[2905, 4076, 4836]"
103.821534,1.285923,Other,3,"[2906, 4478, 4479]"
103.820375,1.296988,T Shape,3,"[2911, 5421, 5496]"
103.829005,1.295776,T Shape,3,"[2913, 2942, 4101]"
103.823846,1.293871,Other,3,"[2915, 3534, 3535]"
103.836144,1.289198,T Shape,3,"[2918, 4519, 5031]"
103.820392,1.30013,T Shape,3,"[2927, 3008, 3015]"
103.820333,1.298968,T Shape,3,"[2928, 3009, 3076]"
103.820668,1.298455,T Shape,3,"[2930, 3004, 3005]"
103.829647,1.296414,T Shape,3,"[2932, 2933, 2934]"
103.822207,1.294461,Other,3,"[2936, 4485, 4486]"
103.82953,1.296458,T Shape,3,"[2940, 4099, 4100]"
103.825668,1.2928,T Shape,3,"[2945, 2946, 4814]"
103.825785,1.292598,T Shape,3,"[2945, 4804, 4844]"
103.825747,1.292908,X Shape,4,"[2946, 4948, 5634, 5635]"
103.838721,1.285268,T Shape,3,"[2948, 4468, 4735]"
103.821068,1.286404,Other,3,"[2949, 3962, 3962]"
103.834741,1.296024,T Shape,3,"[2953, 3850, 3853]"
103.830212,1.302858,T Shape,3,"[2954, 4900, 4901]"
103.822336,1.294599,T Shape,3,"[2956, 2958, 4486]"
103.846252,1.288592,X Shape,4,"[2968, 2969, 2971, 6189]"
103.847429,1.28839,T Shape,3,"[2972, 3459, 3464]"
103.833087,1.285003,Crossing,4,"[2982, 4052, 4650, 5920]"
103.841932,1.293727,T Shape,3,"[2983, 5220, 5416]"
103.838746,1.293773,T Shape,3,"[2986, 3661, 4672]"
103.826013,1.303905,T Shape,3,"[2987, 4531, 6352]"
103.822652,1.299601,Other,3,"[2998, 4086, 4088]"
103.821036,1.288861,T Shape,3,"[3002, 3747, 3964]"
103.822234,1.30012,T Shape,3,"[3010, 3017, 3101]"
103.824255,1.299734,T Shape,3,"[3012, 4105, 4110]"
103.838936,1.29401,T Shape,3,"[3038, 4671, 4672]"
103.841383,1.301236,X Shape,4,"[3039, 4263, 4871, 5830]"
103.829507,1.29678,T Shape,3,"[3041, 4100, 5187]"
103.848427,1.293725,T Shape,3,"[3046, 4333, 4667]"
103.827919,1.288746,Crossing,4,"[3053, 3971, 3973, 5494]"
103.820121,1.28652,Other,3,"[3055, 3056, 4971]"
103.828832,1.287236,T Shape,3,"[3061, 3065, 3993]"
103.838038,1.290851,T Shape,3,"[3073, 3082, 3581]"
103.837136,1.297087,T Shape,3,"[3079, 5808, 5810]"
103.848214,1.303395,T Shape,3,"[3091, 4262, 4376]"
103.841103,1.294753,T Shape,3,"[3096, 4794, 4859]"
103.841114,1.292626,T Shape,3,"[3105, 3106, 3418]"
103.841033,1.292507,T Shape,3,"[3106, 3408, 3837]"
103.840001,1.29819,T Shape,3,"[3110, 3111, 4833]"
103.840736,1.292668,T Shape,3,"[3119, 3837, 4969]"
103.84442,1.288473,T Shape,3,"[3133, 3134, 4424]"
103.833908,1.299818,T Shape,3,"[3139, 3787, 4892]"
103.841528,1.295186,T Shape,3,"[3158, 5208, 5530]"
103.841696,1.294857,X Shape,4,"[3159, 5528, 5529, 5530]"
103.832174,1.302902,T Shape,3,"[3163, 3634, 3676]"
103.842704,1.297856,T Shape,3,"[3169, 4366, 4724]"
103.843026,1.297088,T Shape,3,"[3170, 4881, 4911]"
103.832451,1.299846,T Shape,3,"[3171, 3783, 3785]"
103.832605,1.296235,T Shape,3,"[3195, 6307, 6311]"
103.841717,1.29971,T Shape,3,"[3200, 4389, 4754]"
103.837617,1.300625,T Shape,3,"[3207, 3208, 3959]"
103.84405,1.295601,T Shape,3,"[3224, 4913, 4921]"
103.84395,1.295343,T Shape,3,"[3234, 4752, 4920]"
103.841569,1.299662,X Shape,4,"[3239, 4449, 5224, 5412]"
103.836357,1.303765,T Shape,3,"[3240, 3884, 4009]"
103.836852,1.289049,Crossing,4,"[3247, 3255, 3262, 3283]"
103.843689,1.29815,T Shape,3,"[3259, 3260, 3473]"
103.843671,1.298577,T Shape,3,"[3259, 3557, 4912]"
103.822443,1.288324,T Shape,3,"[3266, 3503, 4400]"
103.848982,1.293485,T Shape,3,"[3267, 3942, 4612]"
103.843885,1.285184,T Shape,3,"[3270, 3646, 6061]"
103.837557,1.301906,T Shape,3,"[3273, 4707, 4862]"
103.826518,1.287737,T Shape,3,"[3288, 4030, 4637]"
103.820268,1.288808,T Shape,3,"[3294, 3295, 6192]"
103.826149,1.292825,T Shape,3,"[3302, 4949, 5456]"
103.839556,1.293359,T Shape,3,"[3312, 3313, 5256]"
103.839365,1.291168,T Shape,3,"[3314, 3317, 4022]"
103.840235,1.291708,T Shape,3,"[3315, 5854, 5856]"
103.840508,1.297098,T Shape,3,"[3321, 4795, 4826]"
103.839579,1.29722,T Shape,3,"[3322, 3323, 4797]"
103.828871,1.28899,T Shape,3,"[3329, 3842, 4024]"
103.839187,1.29866,X Shape,4,"[3333, 4555, 4561, 4829]"
103.839362,1.303123,T Shape,3,"[3342, 3397, 4106]"
103.838379,1.303357,T Shape,3,"[3348, 3349, 5391]"
103.829971,1.293036,T Shape,3,"[3368, 3371, 4652]"
103.839497,1.304975,T Shape,3,"[3395, 4108, 4109]"
103.842056,1.29419,T Shape,3,"[3401, 3402, 3794]"
103.84201,1.293974,T Shape,3,"[3406, 3407, 3794]"
103.841894,1.293769,T Shape,3,"[3407, 4322, 5416]"
103.841577,1.292353,T Shape,3,"[3416, 3417, 4857]"
103.844411,1.29827,T Shape,3,"[3437, 3438, 5315]"
103.845055,1.286056,T Shape,3,"[3450, 4141, 4142]"
103.846632,1.287944,T Shape,3,"[3456, 4145, 4146]"
103.846898,1.287827,T Shape,3,"[3457, 3941, 4838]"
103.847827,1.287275,T Shape,3,"[3458, 4838, 4839]"
103.847493,1.288348,T Shape,3,"[3463, 3464, 4331]"
103.849445,1.304221,T Shape,3,"[3476, 3478, 4740]"
103.849647,1.303883,T Shape,3,"[3480, 3481, 5484]"
103.848616,1.302136,T Shape,3,"[3489, 3493, 3530]"
103.846881,1.303525,T Shape,3,"[3494, 3496, 5297]"
103.838536,1.297844,X Shape,4,"[3507, 3591, 3592, 4674]"
103.824404,1.303241,T Shape,3,"[3538, 4525, 4529]"
103.824376,1.303582,T Shape,3,"[3539, 3540, 6232]"
103.830441,1.300018,T Shape,3,"[3547, 4182, 4183]"
103.824607,1.295062,T Shape,3,"[3549, 4047, 4815]"
103.824587,1.304035,T Shape,3,"[3569, 3672, 3823]"
103.8468,1.298575,T Shape,3,"[3576, 3577, 5747]"
103.829484,1.289423,T Shape,3,"[3583, 3584, 4025]"
103.828916,1.289112,T Shape,3,"[3584, 3585, 4024]"
103.838204,1.297396,T Shape,3,"[3590, 3595, 4831]"
103.838117,1.297276,T Shape,3,"[3590, 3596, 3599]"
103.838496,1.297874,T Shape,3,"[3591, 3593, 4673]"
103.838511,1.297814,X Shape,4,"[3594, 4674, 4675, 4676]"
103.838469,1.297841,T Shape,3,"[3597, 4673, 4676]"
103.832755,1.303583,T Shape,3,"[3600, 4447, 4448]"
103.83256,1.303378,T Shape,3,"[3600, 3673, 4446]"
103.832802,1.303593,T Shape,3,"[3602, 3603, 4447]"
103.83287,1.303566,T Shape,3,"[3603, 4063, 4760]"
103.827589,1.286702,X Shape,4,"[3618, 3619, 3622, 4887]"
103.82819,1.286562,X Shape,4,"[3623, 3624, 3625, 5948]"
103.832465,1.303342,X Shape,4,"[3632, 3633, 3635, 5654]"
103.832523,1.303332,T Shape,3,"[3633, 3634, 4446]"
103.832438,1.30331,T Shape,3,"[3636, 3637, 5654]"
103.844822,1.290665,T Shape,3,"[3643, 3781, 5613]"
103.836735,1.303562,T Shape,3,"[3678, 3832, 4009]"
103.835026,1.304243,X Shape,4,"[3679, 3681, 3688, 3690]"
103.835554,1.304244,T Shape,3,"[3681, 4582, 5158]"
103.835829,1.304745,T Shape,3,"[3682, 5311, 5707]"
103.830046,1.285968,X Shape,4,"[3683, 4188, 4190, 5435]"
103.828401,1.285928,X Shape,4,"[3683, 4205, 4206, 5502]"
103.828389,1.286542,T Shape,3,"[3684, 5502, 5503]"
103.827774,1.28743,X Shape,4,"[3685, 4215, 4590, 4591]"
103.835011,1.304202,T Shape,3,"[3686, 3687, 3688]"
103.834701,1.304311,X Shape,4,"[3687, 4445, 4604, 4605]"
103.823273,1.290668,T Shape,3,"[3694, 4372, 5674]"
103.823018,1.290701,Other,3,"[3694, 4158, 4353]"
103.822915,1.290014,T Shape,3,"[3710, 3745, 3921]"
103.842228,1.288896,T Shape,3,"[3736, 4926, 5580]"
103.842043,1.288696,T Shape,3,"[3736, 3737, 5579]"
103.841633,1.299724,T Shape,3,"[3746, 4754, 4756]"
103.841554,1.299507,T Shape,3,"[3746, 4450, 4452]"
103.826588,1.304956,Other,3,"[3753, 3754, 4759]"
103.826501,1.304903,T Shape,3,"[3755, 4758, 4759]"
103.846064,1.302173,T Shape,3,"[3767, 5860, 5865]"
103.833766,1.29891,Other,3,"[3788, 4953, 4954]"
103.833185,1.298975,T Shape,3,"[3788, 6103, 6115]"
103.848344,1.293924,T Shape,3,"[3810, 4665, 4666]"
103.845638,1.300931,Other,3,"[3814, 3815, 4883]"
103.845524,1.300983,T Shape,3,"[3815, 4883, 4884]"
103.832192,1.292799,Other,3,"[3819, 3821, 3821]"
103.838045,1.297754,T Shape,3,"[3830, 4843, 4895]"
103.830128,1.285233,T Shape,3,"[3836, 3949, 3951]"
103.836192,1.303453,T Shape,3,"[3885, 4066, 4858]"
103.837784,1.303132,T Shape,3,"[3888, 4863, 6403]"
103.839133,1.29583,T Shape,3,"[3899, 4908, 4909]"
103.834147,1.29611,T Shape,3,"[3902, 4595, 4596]"
103.827634,1.286664,T Shape,3,"[3929, 3931, 3935]"
103.827765,1.286636,T Shape,3,"[3930, 3931, 4945]"
103.83646,1.304228,T Shape,3,"[3943, 3946, 5701]"
103.832275,1.286476,T Shape,3,"[3953, 3954, 4630]"
103.83765,1.300768,T Shape,3,"[3959, 3960, 4888]"
103.833835,1.288244,T Shape,3,"[3968, 5622, 5623]"
103.839208,1.293252,T Shape,3,"[3984, 3988, 4919]"
103.838777,1.292685,T Shape,3,"[3986, 6404, 6405]"
103.837089,1.303372,T Shape,3,"[4007, 4010, 4011]"
103.833944,1.302603,T Shape,3,"[4012, 4016, 4017]"
103.834197,1.30256,T Shape,3,"[4013, 4015, 4018]"
103.83409,1.302463,T Shape,3,"[4015, 4016, 4019]"
103.834876,1.302082,T Shape,3,"[4018, 4951, 5653]"
103.834751,1.301905,T Shape,3,"[4019, 4065, 4950]"
103.822234,1.285886,X Shape,4,"[4037, 4586, 4587, 4836]"
103.829632,1.30206,T Shape,3,"[4042, 5371, 6288]"
103.836487,1.304134,T Shape,3,"[4069, 5700, 5706]"
103.821495,1.285881,Other,3,"[4115, 4117, 4344]"
103.821158,1.288515,T Shape,3,"[4117, 4133, 4134]"
103.844161,1.286488,T Shape,3,"[4138, 4700, 4932]"
103.823325,1.29099,Crossing,4,"[4150, 4152, 4153, 4411]"
103.823051,1.291012,X Shape,4,"[4151, 4153, 4352, 4353]"
103.822514,1.288484,T Shape,3,"[4162, 4163, 4392]"
103.822548,1.288364,T Shape,3,"[4163, 4237, 4239]"
103.827342,1.285811,T Shape,3,"[4165, 4166, 4167]"
103.83002,1.285808,Other,3,"[4170, 4171, 4189]"
103.833649,1.285325,T Shape,3,"[4186, 4199, 4200]"
103.833728,1.286264,T Shape,3,"[4191, 4195, 5624]"
103.833547,1.286132,Other,3,"[4192, 4195, 4196]"
103.833598,1.286018,X Shape,4,"[4193, 4194, 4196, 4202]"
103.83323,1.285888,T Shape,3,"[4198, 4202, 4203]"
103.833771,1.285393,T Shape,3,"[4199, 4201, 4259]"
103.829636,1.296007,T Shape,3,"[4210, 4211, 4214]"
103.83077,1.287295,T Shape,3,"[4217, 4218, 5480]"
103.830212,1.287402,T Shape,3,"[4218, 5508, 5510]"
103.82839,1.287171,T Shape,3,"[4221, 4222, 5503]"
103.82972,1.290373,T Shape,3,"[4224, 4250, 4252]"
103.82954,1.29036,Other,3,"[4240, 4242, 4440]"
103.83314,1.289894,Other,3,"[4244, 4413, 5001]"
103.829727,1.290556,T Shape,3,"[4251, 4252, 4253]"
103.832818,1.290459,T Shape,3,"[4255, 4256, 4413]"
103.831894,1.291954,T Shape,3,"[4256, 4369, 5724]"
103.834826,1.289633,T Shape,3,"[4258, 5000, 5006]"
103.828536,1.291421,T Shape,3,"[4281, 4283, 4397]"
103.832145,1.291568,T Shape,3,"[4286, 4288, 5474]"
103.848245,1.300277,T Shape,3,"[4296, 4297, 5294]"
103.847611,1.299952,T Shape,3,"[4297, 4298, 5293]"
103.848821,1.294093,T Shape,3,"[4305, 4307, 4308]"
103.820122,1.286552,T Shape,3,"[4343, 4971, 6193]"
103.820477,1.291241,T Shape,3,"[4357, 6245, 6251]"
103.846082,1.300052,T Shape,3,"[4379, 4385, 4387]"
103.846935,1.299412,T Shape,3,"[4384, 6313, 6344]"
103.847199,1.299317,T Shape,3,"[4384, 6318, 6342]"
103.846434,1.299649,Other,3,"[4385, 6315, 6316]"
103.834309,1.29086,T Shape,3,"[4416, 4521, 4745]"
103.8435,1.287606,T Shape,3,"[4427, 4570, 4571]"
103.839347,1.285578,T Shape,3,"[4468, 4996, 5027]"
103.821557,1.285829,T Shape,3,"[4476, 4478, 4944]"
103.825951,1.291736,T Shape,3,"[4499, 4876, 4877]"
103.829614,1.28874,T Shape,3,"[4504, 4505, 4507]"
103.824397,1.303301,T Shape,3,"[4523, 4528, 4529]"
103.839212,1.29869,X Shape,4,"[4562, 4827, 4829, 4830]"
103.822541,1.285579,T Shape,3,"[4583, 4584, 4585]"
103.834652,1.304322,T Shape,3,"[4601, 4604, 4606]"
103.834652,1.30436,T Shape,3,"[4601, 4602, 4603]"
103.834472,1.303921,T Shape,3,"[4608, 4609, 4805]"
103.849814,1.293685,T Shape,3,"[4614, 4615, 4618]"
103.849255,1.293993,T Shape,3,"[4616, 4617, 4619]"
103.825006,1.288346,T Shape,3,"[4626, 4627, 4634]"
103.825001,1.288508,T Shape,3,"[4627, 4628, 4636]"
103.833882,1.29892,X Shape,4,"[4651, 4952, 4953, 5339]"
103.841305,1.300977,T Shape,3,"[4668, 4669, 4871]"
103.848667,1.293278,T Shape,3,"[4687, 4712, 4713]"
103.844084,1.286538,T Shape,3,"[4700, 4701, 4930]"
103.843806,1.286714,T Shape,3,"[4701, 4702, 4929]"
103.844113,1.292674,X Shape,4,"[4704, 6074, 6081, 6085]"
103.841485,1.298563,T Shape,3,"[4720, 4722, 4726]"
103.841364,1.298603,T Shape,3,"[4722, 4723, 4906]"
103.841751,1.298479,T Shape,3,"[4725, 4726, 4790]"
103.84951,1.30451,T Shape,3,"[4738, 4739, 4740]"
103.834248,1.290972,T Shape,3,"[4745, 4746, 4786]"
103.841395,1.302332,T Shape,3,"[4764, 4765, 5228]"
103.836502,1.30475,Other,3,"[4808, 4809, 4809]"
103.844136,1.286566,T Shape,3,"[4867, 4930, 4931]"
103.825981,1.292912,Other,3,"[4949, 5442, 5443]"
103.833881,1.298876,T Shape,3,"[4952, 4954, 4963]"
103.834001,1.298247,T Shape,3,"[4955, 4959, 4961]"
103.833858,1.298577,X Shape,4,"[4956, 4957, 4958, 4960]"
103.834089,1.298518,T Shape,3,"[4956, 4959, 4961]"
103.833874,1.298751,T Shape,3,"[4958, 4962, 4966]"
103.833877,1.298796,T Shape,3,"[4962, 4963, 4967]"
103.834086,1.298774,T Shape,3,"[4964, 4965, 4968]"
103.834057,1.298772,T Shape,3,"[4964, 4966, 4967]"
103.845054,1.28651,X Shape,4,"[4976, 5558, 5596, 5996]"
103.8458,1.287364,X Shape,4,"[4979, 5591, 5592, 5876]"
103.845972,1.287596,T Shape,3,"[4979, 5540, 5599]"
103.848371,1.289992,T Shape,3,"[4982, 5728, 5729]"
103.843765,1.285012,Crossing,4,"[4997, 4998, 5096, 5991]"
103.846095,1.287156,X Shape,4,"[5014, 5590, 5592, 5593]"
103.849909,1.290196,T Shape,3,"[5062, 5085, 5630]"
103.843862,1.285132,Crossing,4,"[5096, 5992, 5994, 6298]"
103.825668,1.304791,T Shape,3,"[5097, 5361, 5362]"
103.831075,1.303887,T Shape,3,"[5101, 5102, 6090]"
103.830542,1.303869,Other,3,"[5102, 5372, 5698]"
103.826206,1.303609,X Shape,4,"[5106, 5199, 5203, 5253]"
103.837145,1.29573,T Shape,3,"[5112, 5114, 5114]"
103.836936,1.299754,Crossing,4,"[5140, 5142, 5167, 5300]"
103.837703,1.292123,T Shape,3,"[5143, 5254, 5269]"
103.832195,1.294415,T Shape,3,"[5149, 5151, 5473]"
103.831898,1.294974,T Shape,3,"[5151, 5291, 5343]"
103.832755,1.292461,Other,3,"[5152, 5154, 5462]"
103.823671,1.302933,T Shape,3,"[5161, 5202, 5263]"
103.837692,1.291951,T Shape,3,"[5185, 5261, 5262]"
103.825581,1.304532,T Shape,3,"[5200, 5356, 5360]"
103.825946,1.303491,Other,3,"[5200, 5202, 5253]"
103.83028,1.295493,X Shape,4,"[5207, 5213, 5234, 5477]"
103.830475,1.29576,T Shape,3,"[5207, 5216, 5401]"
103.830531,1.2956,T Shape,3,"[5214, 5401, 5478]"
103.837626,1.291978,T Shape,3,"[5219, 5258, 5261]"
103.84165,1.299638,X Shape,4,"[5221, 5411, 5413, 5425]"
103.841526,1.299674,X Shape,4,"[5225, 5314, 5412, 5413]"
103.83686,1.293406,T Shape,3,"[5231, 5257, 5259]"
103.838401,1.291529,T Shape,3,"[5232, 5235, 5238]"
103.830549,1.295553,T Shape,3,"[5233, 5477, 5478]"
103.838333,1.291585,T Shape,3,"[5238, 5242, 5262]"
103.838985,1.293923,T Shape,3,"[5254, 5256, 5306]"
103.83763,1.292166,T Shape,3,"[5255, 5269, 5270]"
103.836814,1.293145,Other,3,"[5257, 5258, 5260]"
103.842916,1.297517,T Shape,3,"[5274, 5276, 5415]"
103.841446,1.299093,X Shape,4,"[5276, 5423, 5425, 5426]"
103.841389,1.298954,T Shape,3,"[5277, 5424, 5426]"
103.840274,1.295987,T Shape,3,"[5280, 5284, 5395]"
103.841292,1.298992,T Shape,3,"[5280, 5299, 5424]"
103.829149,1.294984,Other,3,"[5308, 5469, 5476]"
103.841315,1.299142,T Shape,3,"[5314, 5422, 5423]"
103.846288,1.302859,T Shape,3,"[5322, 5323, 5406]"
103.834724,1.300406,X Shape,4,"[5328, 5331, 5332, 6087]"
103.834876,1.300326,Other,3,"[5329, 5332, 5333]"
103.835036,1.300487,T Shape,3,"[5330, 5333, 5334]"
103.833365,1.302974,T Shape,3,"[5348, 5349, 5353]"
103.832282,1.302966,X Shape,4,"[5349, 5351, 5352, 5353]"
103.82554,1.30473,X Shape,4,"[5355, 5359, 5362, 5389]"
103.825739,1.304643,Other,3,"[5357, 5360, 5361]"
103.831442,1.296131,Other,3,"[5407, 5409, 5410]"
103.831567,1.295962,Other,3,"[5407, 5408, 5410]"
103.827428,1.28727,T Shape,3,"[5434, 5506, 5949]"
103.825947,1.292999,T Shape,3,"[5442, 5445, 5452]"
103.827353,1.294025,T Shape,3,"[5446, 5447, 5449]"
103.827457,1.293857,T Shape,3,"[5446, 5448, 5455]"
103.827488,1.294122,Other,3,"[5447, 5450, 5451]"
103.82761,1.293969,Other,3,"[5448, 5451, 5454]"
103.846356,1.288188,Other,3,"[5539, 5541, 5749]"
103.845378,1.286313,T Shape,3,"[5557, 5558, 5559]"
103.844948,1.285516,T Shape,3,"[5571, 5572, 5573]"
103.820076,1.287472,T Shape,3,"[5587, 5588, 5589]"
103.845978,1.287018,T Shape,3,"[5593, 5594, 5607]"
103.845814,1.287786,T Shape,3,"[5601, 5602, 5603]"
103.849976,1.290349,T Shape,3,"[5630, 5631, 5632]"
103.837497,1.292768,T Shape,3,"[5690, 5826, 6325]"
103.842494,1.287315,T Shape,3,"[5692, 5693, 5695]"
103.836749,1.304006,T Shape,3,"[5699, 5702, 5705]"
103.836665,1.304047,T Shape,3,"[5704, 5705, 5706]"
103.837526,1.289022,T Shape,3,"[5738, 5739, 5741]"
103.84259,1.295728,T Shape,3,"[5772, 5774, 5781]"
103.821812,1.293688,T Shape,3,"[5784, 5785, 5786]"
103.836794,1.291942,Other,3,"[5787, 5788, 5789]"
103.83673,1.291873,T Shape,3,"[5787, 5788, 6118]"
103.833743,1.297311,T Shape,3,"[5793, 6336, 6337]"
103.833539,1.297467,T Shape,3,"[5795, 5796, 5797]"
103.839855,1.294902,T Shape,3,"[5798, 5799, 5800]"
103.840936,1.294398,T Shape,3,"[5801, 5802, 5803]"
103.837915,1.294094,T Shape,3,"[5804, 5805, 5806]"
103.830927,1.295438,T Shape,3,"[5813, 5814, 5816]"
103.831109,1.295522,T Shape,3,"[5814, 5816, 5817]"
103.837426,1.292814,T Shape,3,"[5826, 6319, 6325]"
103.830014,1.28719,T Shape,3,"[5831, 5832, 5833]"
103.837515,1.303933,T Shape,3,"[5838, 5839, 5940]"
103.830221,1.300678,T Shape,3,"[5869, 5870, 5871]"
103.830138,1.300796,T Shape,3,"[5872, 5873, 5874]"
103.8452,1.287711,X Shape,4,"[5877, 5878, 5879, 5880]"
103.837433,1.294326,T Shape,3,"[5913, 5914, 5915]"
103.847624,1.286443,T Shape,3,"[5932, 5935, 5936]"
103.840638,1.304558,T Shape,3,"[5952, 6267, 6282]"
103.846448,1.29964,T Shape,3,"[5960, 6315, 6343]"
103.831193,1.297408,Other,3,"[6078, 6079, 6079]"
103.82058,1.29307,T Shape,3,"[6095, 6096, 6098]"
103.820179,1.293288,T Shape,3,"[6097, 6098, 6099]"
103.833119,1.299203,Other,3,"[6104, 6112, 6116]"
103.833108,1.29909,T Shape,3,"[6105, 6112, 6113]"
103.832885,1.299151,T Shape,3,"[6106, 6110, 6114]"
103.832865,1.299288,T Shape,3,"[6107, 6111, 6116]"
103.841169,1.289468,X Shape,4,"[6121, 6122, 6134, 6135]"
103.841521,1.290162,T Shape,3,"[6121, 6122, 6124]"
103.840733,1.289682,Other,3,"[6133, 6134, 6135]"
103.824791,1.299627,T Shape,3,"[6183, 6184, 6187]"
103.824763,1.299489,T Shape,3,"[6184, 6185, 6186]"
103.833751,1.293889,T Shape,3,"[6226, 6228, 6230]"
103.833895,1.293733,T Shape,3,"[6227, 6228, 6231]"
103.84084,1.304484,T Shape,3,"[6264, 6267, 6283]"
103.84104,1.304028,T Shape,3,"[6264, 6265, 6268]"
103.841181,1.304228,T Shape,3,"[6265, 6266, 6285]"
103.840992,1.304522,T Shape,3,"[6266, 6283, 6285]"
103.847238,1.300426,T Shape,3,"[6269, 6270, 6286]"
103.847976,1.300728,T Shape,3,"[6272, 6273, 6274]"
103.847104,1.300889,Other,3,"[6276, 6276, 6277]"
103.833048,1.293283,T Shape,3,"[6303, 6399, 6400]"
103.846739,1.299485,T Shape,3,"[6314, 6343, 6344]"
103.837383,1.292912,T Shape,3,"[6319, 6320, 6324]"
103.837324,1.293045,T Shape,3,"[6321, 6322, 6324]"
103.849977,1.298599,T Shape,3,"[6328, 6330, 6331]"
103.848921,1.301409,X Shape,4,"[6358, 6360, 6361, 6362]"
103.848956,1.301558,T Shape,3,"[6362, 6365, 6367]"
